Product name,Category,Option,Brand,Sold by,Country of Manufacture,Express Shipping,Return Policy,Warranty,Image URL,Price,Special price,Discount,Quantity,Description,Availability,Product link
Del Monte Green Plainwhole Olives,Canned & Frozen Food,450 gm,Del Monte,HumMart,N/A,Yes,3 Day Return and Exchange,Not Applicable,https://hummart.com/media/catalog/product/h/t/httpphpstack-143539-415191.cloudwaysapps.commedia4800024571625.jpg,Rs 355 | Exact price: 399.0000 PKR,355.0000,true,35,,1,https://hummart.com/del-monte-green-plainwhole-olives-450gm.html
Rafhan Mango Jelly,Noodles Sauces & Frozen Foods,80 gm,Rafhan,HumMart,Pakistan,Yes,3 Day Return and Exchange,Not Applicable,https://hummart.com/media/catalog/product/m/a/mango_jelly.jpg,Rs 65 | Exact price: 65.0000 PKR,,false,92,"High energy and fat free jelly that gives you right amount of mango feel all year round. May it be  mango season or not, Rafhan mango jelly is the answer to your mango-call!",1,https://hummart.com/rafhan-mango-jelly-80g.html
Rafhan Orange Jelly,Noodles Sauces & Frozen Foods,80 gm,Rafhan,HumMart,Pakistan,Yes,3 Day Return and Exchange,Not Applicable,https://hummart.com/media/catalog/product/o/r/orange_jelly.jpg,Rs 65 | Exact price: 65.0000 PKR,,false,2,"Trying out different flavours of jelly, Orange flavour is all that you need to satisfy your  slightly tart sweet cravings.",1,https://hummart.com/rafhan-orange-jelly-80-gm-1.html
Dipitt Oyster Sauce Bottle,Other Sauces,300 gm,Dipitt,HumMart,Pakistan,Yes,3 Day Return and Exchange,Not Applicable,https://hummart.com/media/catalog/product/7/8/788821015099.jpg,Rs 275 | Exact price: 275.0000 PKR,,false,5,,1,https://hummart.com/dipitt-oyster-sauce-bottle-310-gm.html
Knorr Chicken Noodle,Noodles Sauces & Frozen Foods,66 gm,Knorr,HumMart,Pakistan,Yes,3 Day Return and Exchange,Not Applicable,https://hummart.com/media/catalog/product/c/h/chicken-66-gm.png,Rs 35 | Exact price: 35.0000 PKR,,false,1677,Chicken flavour has a careful blend of herbs and spices that gives it a rich taste. It is definitely an all time favourite!,1,https://hummart.com/knorr-chicken-noodle-66-gm.html
Del Monte Green Stuffed+Pimento Olives,Canned & Frozen Food,235 gm,Del Monte,HumMart,N/A,Yes,3 Day Return and Exchange,Not Applicable,https://hummart.com/media/catalog/product/h/t/httpphpstack-143539-415191.cloudwaysapps.commedia8888111139701.jpg,Rs 269 | Exact price: 269.0000 PKR,,false,7,,1,https://hummart.com/del-monte-green-stuffed-pimento-olives-235gm.html
Del Monte Pineapple Tidbits,Canned & Frozen Food,432 gm,Del Monte,HumMart,Italy,Yes,3 Day Return and Exchange,Not Applicable,https://hummart.com/media/catalog/product/h/t/httpphpstack-143539-415191.cloudwaysapps.commedia4800024553775.jpg,Rs 199 | Exact price: 199.0000 PKR,,false,18,"It’s a Pre shampoo 3 minute treatment which leaves your hair shiny, silky, smooth and worry free! It gives the conditioning of egg and the goodness of natural ingredients all in one product.Hair Problem : Damaged, Chemically Treated Hair Benefits : For revitalized, shiny hair",1,https://hummart.com/del-monte-pineapple-tidbits-432-gm.html
Dipitt Mango Habanero Sauce Bottle,Other Sauces,310 gm,Dipitt,HumMart,Pakistan,Yes,3 Day Return and Exchange,Not Applicable,https://hummart.com/media/catalog/product/7/8/788821012876.jpg,Rs 275 | Exact price: 275.0000 PKR,,false,11,,1,https://hummart.com/dipitt-mango-habanero-sauce-bottle-310-gm.html
Del Monte Black Pitted Olives,Canned & Frozen Food,235 gm,Del Monte,HumMart,Pakistan,Yes,3 Day Return and Exchange,Not Applicable,https://hummart.com/media/catalog/product/h/t/httpphpstack-143539-415191.cloudwaysapps.commedia8888111139664.jpg,Rs 255 | Exact price: 255.0000 PKR,,false,8,"""Sunsilk Lusciously Thick & Long nourishes hair and makes it look two times thicker. Enriched with keratin yogurt, this formula nourishes hair from the roots so it looks thicker and you can style the way you want For hair that bounces with you. """,1,https://hummart.com/del-monte-black-pitted-olives-235-gm.html
Del Monte Pineapple Tidbits,Canned & Frozen Food,567 gm,Del Monte,HumMart,Pakistan,Yes,3 Day Return and Exchange,Not Applicable,https://hummart.com/media/catalog/product/h/t/httpphpstack-143539-415191.cloudwaysapps.commedia4800024553782.jpg,Rs 225 | Exact price: 225.0000 PKR,,false,15,Get indulge in traditonal dessert of Saviyaan and Sheer Khurma this Eid with National Vermicelli.,1,https://hummart.com/del-monte-pineapple-tidbits-567-gm.html
Dipitt Soy Sauce,Soya & Chilli Sauces,300 gm,Dipitt,HumMart,Pakistan,Yes,3 Day Return and Exchange,Not Applicable,https://hummart.com/media/catalog/product/7/8/788821012890.jpg,Rs 150 | Exact price: 150.0000 PKR,,false,7,,1,https://hummart.com/dipitt-soy-sauce-300-gm.html
Del Monte Pineapple Slices,Canned & Frozen Food,822 gm,Del Monte,HumMart,Italy,Yes,3 Day Return and Exchange,Not Applicable,https://hummart.com/media/catalog/product/h/t/httpphpstack-143539-415191.cloudwaysapps.commedia4800024012302.jpg,Rs 389 | Exact price: 389.0000 PKR,,false,14,"It’s a Pre shampoo 3 minute treatment which leaves your hair shiny, silky, smooth and worry free! It gives the conditioning of egg and the goodness of natural ingredients all in one product.Hair Problem : Damaged, Chemically Treated Hair Benefits : For revitalized, shiny hair",1,https://hummart.com/del-monte-pineapple-slices-822-gm.html
Del Monte Green Stuffed+Pimento Olives,Canned & Frozen Food,450 gm,Del Monte,HumMart,N/A,Yes,3 Day Return and Exchange,Not Applicable,https://hummart.com/media/catalog/product/h/t/httpphpstack-143539-415191.cloudwaysapps.commedia4800024571618.jpg,Rs 389 | Exact price: 389.0000 PKR,,false,3,,1,https://hummart.com/del-monte-green-stuffed-pimento-olives-450gm.html
Del Monte Green Pitted Olives,Canned & Frozen Food,235 gm,Del Monte,HumMart,N/A,Yes,3 Day Return and Exchange,Not Applicable,https://hummart.com/media/catalog/product/h/t/httpphpstack-143539-415191.cloudwaysapps.commedia8888111139671.jpg,Rs 249 | Exact price: 249.0000 PKR,,false,5,,1,https://hummart.com/del-monte-green-pitted-olives-235gm.html
Del Monte Green Plain Olives,Canned & Frozen Food,235 gm,Del Monte,HumMart,N/A,Yes,3 Day Return and Exchange,Not Applicable,https://hummart.com/media/catalog/product/h/t/httpphpstack-143539-415191.cloudwaysapps.commedia8888111139688.jpg,Rs 260 | Exact price: 260.0000 PKR,,false,9,,1,https://hummart.com/del-monte-green-plain-olives-235gm.html
Shangrila Sauces Imli Ginger Sauce Sap,Soya & Chilli Sauces,475 gm,Shangrila Sauces ,HumMart,Pakistan,Yes,3 Day Return and Exchange,Not Applicable,https://hummart.com/media/catalog/product/8/9/8964000020579_1.jpg,Rs 150 | Exact price: 150.0000 PKR,,false,2,,1,https://hummart.com/shangrila-sauces-imli-ginger-sauce-sap-500-gms.html
Mother Choice Baking Soda,Baking Ingredients,100 gm,Mother Choice,HumMart,Pakistan,Yes,3 Day Return and Exchange,Not Applicable,https://hummart.com/media/catalog/product/h/t/httpphpstack-143539-415191.cloudwaysapps.commedia6415009004463.jpg,Rs 59 | Exact price: 59.0000 PKR,,false,26,"Mustard Seed (Raie) by Ameer & Sons, available in 100 gm, is an excellent condiment that is usually roasted before adding to the food for extra aroma. Mustard seeds can also be used to make your own mustard powder at home.",1,https://hummart.com/mother-choice-baking-soda-100-gm.html
Rossmoor Cocoa Powder,Baking Ingredients,200 gm,Rossmor,HumMart,Pakistan,Yes,3 Day Return and Exchange,Not Applicable,https://hummart.com/media/catalog/product/h/t/httpphpstack-143539-415191.cloudwaysapps.commedia6281014446693.jpg,Rs 249 | Exact price: 249.0000 PKR,,false,7,"Tomato Ketchup is our all time favorite sauce! National Tomato Ketchup, available in 500 gm, offers the perfect burst of tomato flavor that we all want.",1,https://hummart.com/rossmoor-cocoa-powder-200-gm.html
Shangrila Seasonings Soy Sauce,Soya & Chilli Sauces,120 ml,Shangrila Sauces ,HumMart,Pakistan,Yes,3 Day Return and Exchange,Not Applicable,https://hummart.com/media/catalog/product/8/9/8964000020005_1.jpg,Rs 48 | Exact price: 48.0000 PKR,,false,4,Colgate Great Regular Flavour Tooth Paste removes germs from teeth and gums effectively and has a pleasant smell. Prevents germ buildup.,1,https://hummart.com/shangrila-seasonings-soy-sauce-120-ml.html
Rossmoor Chocolate Dessert,Baking Ingredients,90 gm,Rossmor,HumMart,Pakistan,Yes,3 Day Return and Exchange,Not Applicable,https://hummart.com/media/catalog/product/h/t/httpphpstack-143539-415191.cloudwaysapps.commedia6281014440073.jpg,Rs 70 | Exact price: 70.0000 PKR,,false,14,Garnish your Rafhan custard with Rafhan crystal jelly. Strawberry custard topped with strawberry jelly is a must have!,1,https://hummart.com/rossmoor-chocolate-dessert-90-gm.html
Rossmoor Cocoa Powder,Baking Ingredients,100 gm,Rossmor,HumMart,Pakistan,Yes,3 Day Return and Exchange,Not Applicable,https://hummart.com/media/catalog/product/h/t/httpphpstack-143539-415191.cloudwaysapps.commedia6281014440066.jpg,Rs 135 | Exact price: 135.0000 PKR,,false,9,"Masoor whole by HKC Grains, available in 1 kg, is a great way to consume a high level of proteins while enjoying the delicious tase.",1,https://hummart.com/rossmoor-cocoa-powder-100-gm.html
Rossmoor Soy Sauce,Soya & Chilli Sauces,750 ml,Rossmor,HumMart,Pakistan,Yes,3 Day Return and Exchange,Not Applicable,https://hummart.com/media/catalog/product/h/t/httpphpstack-143539-415191.cloudwaysapps.commedia6280541402608.jpg,Rs 149 | Exact price: 149.0000 PKR,,false,6,"When you think of nourishing your loved ones with best quality milk which delivers makhmali, mulaim aur khaalis maza and right nutrition, it is no wonder that NESTLÉ MILKPAK Milk comes to mind naturally!For more than 30 years, NESTLÉ MILKPAK Milk has been nourishing you and your loved ones by providing delicious milk with the benefits of calcium, proteins, minerals and vitamins.So always choose the best for your loved ones.SEHAT KA KHAALIS MAZA!Nutritional Compass ImageStorage instructionsStore in a cool dry place. Once opened, consume within 3 daysTop 2 Features and BenefitsWith NESTLÉ MILKPAK Milk you can rest assured that you and your family will enjoy the delicious goodness of a nutritious milk, every time. Backed by over 150 years of Nestlé's global expertise, NESTLÉ MILKPAK Milk comes to you with the strictest quality standards in the industry, which guarantee the best nutrition in every drop.Preparation, usage and serviceNot to be used to feed infants below 12 months of ageIngredients and allergen informationMilk Solids, Stabilizers, Minerals & Vitamins.No preservatives.",1,https://hummart.com/rossmoor-soy-sauce-750ml.html
Laziza Kheer Mix Almond,Dessert Mixes,155 gm,Laziza,HumMart,Pakistan,Yes,3 Day Return and Exchange,Not Applicable,https://hummart.com/media/catalog/product/5/0/5028217001042.jpg,Rs 80 | Exact price: 80.0000 PKR,,false,3,"Masoor whole by HKC Grains, available in 500 gm, is a great way to consume a high level of proteins while enjoying the delicious tase.",1,https://hummart.com/laziza-kheer-mix-almond-155-gm.html
Shangrila Seasonings Chilli Sauce,Soya & Chilli Sauces,120 ml,Shangrila Sauces ,HumMart,Pakistan,Yes,3 Day Return and Exchange,Not Applicable,https://hummart.com/media/catalog/product/8/9/8964000020104_1.jpg,Rs 52 | Exact price: 52.0000 PKR,,false,6,,1,https://hummart.com/shangrila-seasonings-chilli-sauce-120-ml.html
Shangrila Seasonings Soy Sauce,Soya & Chilli Sauces,800 ml,Shangrila Sauces ,HumMart,Pakistan,Yes,3 Day Return and Exchange,Not Applicable,https://hummart.com/media/catalog/product/8/9/8964000020098_1.jpg,Rs 175 | Exact price: 175.0000 PKR,,false,1,Falak Chaat Masala can be sprinkled on many of our paksitani delicacies to add flavour and spice to your food.,1,https://hummart.com/shangrila-seasonings-soy-sauce-800-ml.html
Laziza Dry Fruit Kheer Mix,Dessert Mixes,160 gm,Laziza,HumMart,Pakistan,Yes,3 Day Return and Exchange,Not Applicable,https://hummart.com/media/catalog/product/5/0/5028217001950.jpg,Rs 75 | Exact price: 75.0000 PKR,,false,1,"Lemon Max Ultra is a concentrated dishwash liquid that has the most supreme cleaning and grease cutting formula, which strips off the toughest grease",1,https://hummart.com/laziza-dry-fruit-kheer-mix-160-gm.html
Shangrila Tomato Ketchup Sap,Tomato Ketchup & Sauces,235 gm,Shangrila Tomato Ketchup ,HumMart,Pakistan,Yes,3 Day Return and Exchange,Not Applicable,https://hummart.com/media/catalog/product/8/9/8964000020340_1.jpg,Rs 85 | Exact price: 85.0000 PKR,,false,3,,1,https://hummart.com/shangrila-tomato-ketchup-sap-250-gms.html
Bicarbonate Soda (Meetha Soda),Baking Ingredients,200 gm,A&S,HumMart,Pakistan,Yes,3 Day Return and Exchange,Not Applicable,https://hummart.com/media/catalog/product/h/t/httpphpstack-143539-415191.cloudwaysapps.commedia10067.jpg,Rs 30 | Exact price: 30.0000 PKR,,false,55,"Bicarbonate Soda (Meetha Soda), more commonly known as baking soda, is available in 200 gm by Ameer & Sons. Are you a fan of baking? If yes, then this is what you need. If not, then use it to treat acid reflux or to whiten your teeth!",1,https://hummart.com/bicarbonate-soda-meetha-soda-200-gm.html
Bake Parlour Pasta Kabab Masala Mix,Pasta,250 gm,Bake Parlor,HumMart,Pakistan,Yes,3 Day Return and Exchange,Not Applicable,https://hummart.com/media/catalog/product/h/t/httpphpstack-143539-415191.cloudwaysapps.commedia3575222262507.jpg,Rs 65 | Exact price: 65.0000 PKR,,false,18,,1,https://hummart.com/bake-parlour-pasta-kabab-masala-mix-250g.html
National Custard Powder Mango,Custard & Jelly,120 gm,National,HumMart,Pakistan,Yes,3 Day Return and Exchange,Not Applicable,https://hummart.com/media/catalog/product/h/t/httpphpstack-143539-415191.cloudwaysapps.commedia620514006178.jpg,Rs 45 | Exact price: 45.0000 PKR,,false,1,Mango flavoured custard is children's absolute fav! Garnished with yummy mango chunks and whipped cream. You are ready to enjoy National Mango flavoured Custard!,1,https://hummart.com/national-custard-powder-mango-120-gm.html
Knorr Noodles Chatt Patta,Up sell Products,66 gm,Knorr,HumMart,Pakistan,Yes,3 Day Return and Exchange,Not Applicable,https://hummart.com/media/catalog/product/h/t/httpphpstack-143539-415191.cloudwaysapps.commedia8961014014440.jpg,Rs 40 | Exact price: 40.0000 PKR,,false,1128,"Knorr Noodles are delicious, good quality noodles that are a favourite of kids. They are fun themed noodles with great flavour. In chatpatta flavour.",1,https://hummart.com/knorr-noodles-chatt-patta-66g-1.html
Falak Fries Masala 75 gm Bottle,Masala Mixes,75 gm,Falak,HumMart,Pakistan,Yes,3 Day Return and Exchange,Not Applicable,https://hummart.com/media/catalog/product/h/t/httpphpstack-143539-415191.cloudwaysapps.commedia8961100093830.jpg,Rs 139 | Exact price: 139.0000 PKR,,false,18,Falak Fries Masala adds spice and taste to your fries. It also acts as the perfect seasoning to several fried items.,1,https://hummart.com/falak-fries-masala-75gm-bottle-75gm.html
Falak Zeera Raita Masala 75 gm Bottle,Masala Mixes,75 gm,Falak,HumMart,Pakistan,Yes,3 Day Return and Exchange,Not Applicable,https://hummart.com/media/catalog/product/h/t/httpphpstack-143539-415191.cloudwaysapps.commedia8961100093847.jpg,Rs 139 | Exact price: 139.0000 PKR,,false,16,Falak Zeera Raita Masala is a cumin yogurt mix that can be added to youghurt or to any dish of your choice. Adds delicious flavour to your food.,1,https://hummart.com/falak-zeera-raita-masala-75-gm-bottle-75-gm.html
"Buy 6 Multipacks Knorr Chicken, Get 2 Weeks Game Box Subscription FREE",Offers ,1 unit,Knorr,HumMart,N/A,Yes,3 Day Return and Exchange,Not Applicable,https://hummart.com/media/catalog/product/1/0/101297_r_1.png,Rs 894 | Exact price: 894 PKR,894,true,1,,1,https://hummart.com/buy-6-multipacks-knorr-chicken-get-2-weeks-game-box-subscription-free.html
Buy 12 Knorr Noodles 66 gm Chicken and Get 1 week of Game Box subscriptions FREE,Offers ,1 unit,Knorr,HumMart,N/A,Yes,3 Day Return and Exchange,Not Applicable,https://hummart.com/media/catalog/product/1/0/101299_r_1.png,Rs 420 | Exact price: 420 PKR,420,true,0,,1,https://hummart.com/buy-12-knorr-noodles-66-gm-chicken-and-get-1-week-of-game-box-subscriptions-free.html
Razmin Cream Style Corn,Canned & Packaged Foods,425 gm,Razmin,HumMart,Pakistan,Yes,3 Day Return and Exchange,Not Applicable,https://hummart.com/media/catalog/product/h/t/httpphpstack-143539-415191.cloudwaysapps.commedia8858808903090.png,Rs 160 | Exact price: 160.0000 PKR,,false,2,"IngredientsCorn, Water, Sugar, Starch and Salt",1,https://hummart.com/razmin-cream-style-corn-425-gm.html
"Buy 4 Multipacks Knorr Chicken, Get 10 days Game Box Subscription FREE",Offers ,1 unit,Knorr,HumMart,N/A,Yes,3 Day Return and Exchange,Not Applicable,https://hummart.com/media/catalog/product/1/0/101295_r_1.png,Rs 596 | Exact price: 596 PKR,596,true,0,,1,https://hummart.com/buy-4-multipacks-knorr-chicken-get-10-days-game-box-subscription-free.html
Dipitt Chilli Garlic Sauce Pouch,Soya & Chilli Sauces,900 gm,Dipitt,HumMart,Pakistan,Yes,3 Day Return and Exchange,Not Applicable,https://hummart.com/media/catalog/product/7/8/788821016348.jpg,Rs 240 | Exact price: 240.0000 PKR,,false,4,,1,https://hummart.com/dipitt-chilli-garlic-sauce-pouch-900-gm.html
Dipitt Tomato Ketchup Pouch,Tomato Ketchup & Sauces,450 gm,Dipitt,HumMart,Pakistan,Yes,3 Day Return and Exchange,Not Applicable,https://hummart.com/media/catalog/product/7/8/788821016331.jpg,Rs 150 | Exact price: 150.0000 PKR,,false,10,,1,https://hummart.com/dipitt-tomato-ketchup-pouch-450-gm.html
Buy 12 Knorr Noodles 66 gm  Chatpatta and Get 1 week of Game Box subscriptions FREE,Other Bundles,1 unit,Knorr,HumMart,N/A,Yes,3 Day Return and Exchange,Not Applicable,https://hummart.com/media/catalog/product/1/0/101298_r_1.png,Rs 480 | Exact price: 480 PKR,480,true,0,,1,https://hummart.com/buy-12-knorr-noodles-66-gm-chatpatta-and-get-1-week-of-game-box-subscriptions-free.html
Euro Pepperoni Salami,Frozen Foods,200 gm,Euro,HumMart,Pakistan,Yes,3 Day Return and Exchange,Not Applicable,https://hummart.com/media/catalog/product/h/t/httpphpstack-143539-415191.cloudwaysapps.commedia8964000142158.jpg,Rs 290 | Exact price: 290.0000 PKR,,false,2,"Tomato Ketchup is our all time favorite sauce! National Tomato Ketchup, available in 500 gm, offers the perfect burst of tomato flavor that we all want.",1,https://hummart.com/euro-pepperoni-salami-200-gm.html
Euro Chicken Jumbo Sausages,Frozen Foods,300 gm,Euro,HumMart,Pakistan,Yes,3 Day Return and Exchange,Not Applicable,https://hummart.com/media/catalog/product/h/t/httpphpstack-143539-415191.cloudwaysapps.commedia8964000142240.jpg,Rs 429 | Exact price: 429.0000 PKR,,false,1,"Lays Chips are a light delight. They are perfect for munching during a sports match, at the movies, between meals or just whenever you want. They are super crunchy and have a rich, great taste. In french cheese flavour.",1,https://hummart.com/euro-chicken-jumbo-sausages-300-gm.html
Garofolo Farfalle,Pasta,500 gm,Garofolo,HumMart,N/A,Yes,3 Day Return and Exchange,Not Applicable,https://hummart.com/media/catalog/product/h/t/httpphpstack-143539-415191.cloudwaysapps.commedia8000139910241.jpg,Rs 454 | Exact price: 454.0000 PKR,,false,3,,1,https://hummart.com/garofolo-farfalle-500g.html
Mehran Chilli Sauce (Hot Sauce),Soya & Chilli Sauces,300 ml,Mehran Foods,HumMart,Pakistan,Yes,3 Day Return and Exchange,Not Applicable,https://hummart.com/media/catalog/product/h/t/httpphpstack-143539-415191.cloudwaysapps.commedia633152019769.jpg,Rs 85 | Exact price: 85.0000 PKR,,false,22,"Lays Chips are a light delight. They are perfect for munching during a sports match, at the movies, between meals or just whenever you want. They are super crunchy and have a rich, great taste. In salty flavour.",1,https://hummart.com/mehran-chilli-sauce-hot-sauce-300-ml.html
Mehran Green Chilli Sauce,Tomato Ketchup & Sauces,325 gm,Mehran Foods,HumMart,Pakistan,Yes,3 Day Return and Exchange,Not Applicable,https://hummart.com/media/catalog/product/h/t/httpphpstack-143539-415191.cloudwaysapps.commedia633152019677.jpg,Rs 85 | Exact price: 85.0000 PKR,,false,10,"For everyday household and office use, Finis Mop White phenyle dilute is light in concentration and keeps your house sparkling clean with leaving behind a light fragrance.",1,https://hummart.com/mehran-green-chilli-sauce-325-gm.html
Mehran Tamarind Sauce,Tomato Ketchup & Sauces,325 gm,Mehran Foods,HumMart,Pakistan,Yes,3 Day Return and Exchange,Not Applicable,https://hummart.com/media/catalog/product/h/t/httpphpstack-143539-415191.cloudwaysapps.commedia633152019707.jpg,Rs 90 | Exact price: 90.0000 PKR,,false,20,"A light and refreshing fruit flavoured drink, Hamdard Rooh Afza is the what you need to beat the summer heat.",1,https://hummart.com/mehran-tamarind-sauce-325-gm.html
Mehran Pista Kheer Mix,Dessert Mixes,155 gm,Mehran Foods,HumMart,Pakistan,Yes,3 Day Return and Exchange,Not Applicable,https://hummart.com/media/catalog/product/6/3/633152014603_1.jpg,Rs 80 | Exact price: 80.0000 PKR,,false,5,"Haleem or Daleem is a well-known dish in Pakistani households. Make scrumptious Haleem at your home with Wheat Husk (Haleem Mix), available in 1 kg.",1,https://hummart.com/mehran-pista-kheer-155-gm.html
Mehran Chilli Sauce,Soya & Chilli Sauces,800 ml,Mehran Foods,HumMart,Pakistan,Yes,3 Day Return and Exchange,Not Applicable,https://hummart.com/media/catalog/product/h/t/httpphpstack-143539-415191.cloudwaysapps.commedia633152019752.jpg,Rs 150 | Exact price: 150.0000 PKR,,false,5,,1,https://hummart.com/mehran-chilli-sauce-hot-sauce-800ml.html
Mehran Vermicillies,Vermicelli,150 gm,Mehran Foods,HumMart,Pakistan,Yes,3 Day Return and Exchange,Not Applicable,https://hummart.com/media/catalog/product/h/t/httpphpstack-143539-415191.cloudwaysapps.commedia633152007537.jpg,Rs 25 | Exact price: 25.0000 PKR,,false,11,"Red Chilli Powder is the essence of the flavor of your food. Jazaa Red Chilli Powder, available in 50 gm, provides you with the best quality to spice up your food and make it more scrumptious.",1,https://hummart.com/mehran-vermicillies-150-gm.html
Mehran Firni Mix,Dessert Mixes,180 gm,Mehran Foods,HumMart,Pakistan,Yes,3 Day Return and Exchange,Not Applicable,https://hummart.com/media/catalog/product/6/3/633152002075_1.jpg,Rs 80 | Exact price: 80.0000 PKR,,false,7,"Carom Seed (Ajwain) by Ameer & Sons, available in 100 gm, is a soulmate of baisan, used to enhance the flavor and aroma. Whether it's Pakoray or Dahi barray, Ajwain are a must to amp up the flavor.",1,https://hummart.com/mehran-firni-mix-180-gm.html
Mehran Mango Pickle,Pickles,320 gm,Mehran Foods,HumMart,Pakistan,Yes,3 Day Return and Exchange,Not Applicable,https://hummart.com/media/catalog/product/h/t/httpphpstack-143539-415191.cloudwaysapps.commedia633152001924.jpg,Rs 130 | Exact price: 130.0000 PKR,,false,21,"Made with fresh sun-ripened tomatoes, National Tomato Ketchup turns simple food into appetzing one.",1,https://hummart.com/mehran-mango-pickle-320-gm.html
Crispo Spaghetti (10 gm Extra),Pasta,460 gm,Crispo,HumMart,Pakistan,Yes,3 Day Return and Exchange,Not Applicable,https://hummart.com/media/catalog/product/h/t/httpphpstack-143539-415191.cloudwaysapps.commedia8964000070116.jpg,Rs 95 | Exact price: 95.0000 PKR,,false,1,,1,https://hummart.com/crispo-spaghetti-10gm-extra-460gm.html
Mitchells Chaat Sauce,Tomato Ketchup & Sauces,300 gm,Mitchells,HumMart,Pakistan,Yes,3 Day Return and Exchange,Not Applicable,https://hummart.com/media/catalog/product/h/t/httpphpstack-143539-415191.cloudwaysapps.commedia8961005061460.jpg,Rs 130 | Exact price: 130.0000 PKR,,false,1,Colgate Great Regular Flavour Tooth Paste removes germs from teeth and gums effectively and has a pleasant smell. Prevents germ buildup.,1,https://hummart.com/mitchells-chaat-sauce-300-gm.html
Mitchells Green Chilli Sauce,Tomato Ketchup & Sauces,280 gm,Mitchells,HumMart,Pakistan,Yes,3 Day Return and Exchange,Not Applicable,https://hummart.com/media/catalog/product/h/t/httpphpstack-143539-415191.cloudwaysapps.commedia8961005060289.jpg,Rs 145 | Exact price: 145.0000 PKR,,false,6,,1,https://hummart.com/mitchells-green-chilli-sauce-280g.html
Mitchells Imlee Sauce,Tomato Ketchup & Sauces,825 gm,Mitchells,HumMart,Pakistan,Yes,3 Day Return and Exchange,Not Applicable,https://hummart.com/media/catalog/product/h/t/httpphpstack-143539-415191.cloudwaysapps.commedia8961005060111.jpg,Rs 259 | Exact price: 259.0000 PKR,,false,4,,1,https://hummart.com/mitchells-imli-sauce-825g.html
Mitchells Chilli Garlic Sauce,Tomato Ketchup & Sauces,825 gm,Mitchells,HumMart,Pakistan,Yes,3 Day Return and Exchange,Not Applicable,https://hummart.com/media/catalog/product/h/t/httpphpstack-143539-415191.cloudwaysapps.commedia8961005060043.jpg,Rs 235 | Exact price: 235.0000 PKR,,false,1,,1,https://hummart.com/mitchells-chilli-garlic-sauce-825g.html
Tai Hua Dark Soy Sauce,Soya & Chilli Sauces,320 ml,Tai Hua,HumMart,N/A,Yes,3 Day Return and Exchange,Not Applicable,https://hummart.com/media/catalog/product/h/t/httpphpstack-143539-415191.cloudwaysapps.commedia8888232013072.jpg,Rs 509 | Exact price: 549.0000 PKR,509.0000,true,4,,1,https://hummart.com/tai-hua-dark-soy-sauce-320ml.html
Mehran Tomato Ketchup,Tomato Ketchup & Sauces,1kg,Mehran Foods,HumMart,Pakistan,Yes,3 Day Return and Exchange,Not Applicable,https://hummart.com/media/catalog/product/h/t/httpphpstack-143539-415191.cloudwaysapps.commedia633152019592.jpg,Rs 220 | Exact price: 220.0000 PKR,,false,18,,1,https://hummart.com/mehran-tomato-ketchup-1kg.html
Dipitt Tomato Ketchup,Tomato Ketchup & Sauces,300 gm,Dipitt,HumMart,N/A,Yes,3 Day Return and Exchange,Not Applicable,https://hummart.com/media/catalog/product/7/8/788821012869.jpg,Rs 140 | Exact price: 140.0000 PKR,,false,4,,1,https://hummart.com/dipitt-tomato-ketchup-300gm.html
Dipitt Habanero Sauce,Other Sauces,60 ml,Dipitt,HumMart,Pakistan,Yes,3 Day Return and Exchange,Not Applicable,https://hummart.com/media/catalog/product/7/8/788821013880.jpg,Rs 120 | Exact price: 120.0000 PKR,,false,18,,1,https://hummart.com/dipitt-habanero-sauce-60-ml.html
Dipitt Soy Sauce,Soya & Chilli Sauces,60 ml,Dipitt,HumMart,Pakistan,Yes,3 Day Return and Exchange,Not Applicable,https://hummart.com/media/catalog/product/7/8/788821013996.jpg,Rs 80 | Exact price: 80.0000 PKR,,false,16,Daal Moong washed is an essential part of a Pakistani household. We always love it whether it's with rice or plain roti. So enjoy delicious daal with HKC Grains Daal Moong Washed available in 500 gm according to your needs.,1,https://hummart.com/dipitt-soy-sauce-60-ml.html
Dipitt Hot Sauce,Other Sauces,300 gm,Dipitt,HumMart,Pakistan,Yes,3 Day Return and Exchange,Not Applicable,https://hummart.com/media/catalog/product/d/i/dipitt-hot-sauce.jpg,Rs 275 | Exact price: 275.0000 PKR,,false,5,Eva Sunflower Oil 1 Litre x5 Standup Pouch Carton,1,https://hummart.com/dipitt-hot-sauce-300-gm.html
Dipitt Habanero Ketchup,Tomato Ketchup & Sauces,310 gm,Dipitt,HumMart,Pakistan,Yes,3 Day Return and Exchange,Not Applicable,https://hummart.com/media/catalog/product/7/8/788821012883.jpg,Rs 140 | Exact price: 140.0000 PKR,,false,11,Who doesn't love a tangy and spicy flavor of Achar or pickle blended in your dish? National Achar gosht recipe mix lets you prepare a delectable achar gosht at your home without any hassle.,1,https://hummart.com/dipitt-habanero-ketchup-310-gm.html
Crispo Kheer Mix Rice Pudding,Dessert Mixes,155 gm,Crispo,HumMart,Pakistan,Yes,3 Day Return and Exchange,Not Applicable,https://hummart.com/media/catalog/product/h/t/httpphpstack-143539-415191.cloudwaysapps.commedia8964000070239.jpg,Rs 69 | Exact price: 69.0000 PKR,,false,6,"Haleem or Daleem is a well-known dish in Pakistani households. Make scrumptious Haleem at your home with Wheat Husk (Haleem Mix), available in 1 kg.",1,https://hummart.com/crispo-kheer-mix-rice-pudding-155-gm.html
Dipitt Chilli Garlic Sauce,Tomato Ketchup & Sauces,310 gm,Dipitt,HumMart,Pakistan,Yes,3 Day Return and Exchange,Not Applicable,https://hummart.com/media/catalog/product/7/8/788821012845.jpg,Rs 140 | Exact price: 140.0000 PKR,,false,7,Go on a dreamy ride with Cadbury Dairy Milk Bubbly because these bubbles are not just filled with chocolate but joy,1,https://hummart.com/dipitt-chilli-garlic-sauce-310-gm.html
Salman's Bbq Sauce,Tomato Ketchup & Sauces,470 gm,Salmans,HumMart,Pakistan,Yes,3 Day Return and Exchange,Not Applicable,https://hummart.com/media/catalog/product/h/t/httpphpstack-143539-415191.cloudwaysapps.commedia8964000034224.jpg,Rs 145 | Exact price: 145.0000 PKR,,false,1,,1,https://hummart.com/salmans-bbq-sauce-470gm.html
Nando's Peri Peri Sauce Wild Herb Medium,Tomato Ketchup & Sauces,250 gm,Nando's,HumMart,N/A,Yes,3 Day Return and Exchange,Not Applicable,https://hummart.com/media/catalog/product/h/t/httpphpstack-143539-415191.cloudwaysapps.commedia6003770000632.jpg,Rs 489 | Exact price: 489.0000 PKR,,false,1,,1,https://hummart.com/nandos-peri-peri-sauce-wild-herb-medium-250gm.html
Menu Gola Kabab,Frozen Foods,360 gm,Menu,HumMart,Pakistan,Yes,3 Day Return and Exchange,Not Applicable,https://hummart.com/media/catalog/product/h/t/httpphpstack-143539-415191.cloudwaysapps.commedia8964000068816.jpg,Rs 380 | Exact price: 380.0000 PKR,,false,1,Eva VTF Banaspati 1 Kg Pouch,1,https://hummart.com/menu-gola-kabab-360-gm.html
Mitchells Garden Peas,Canned & Packaged Foods,450 gm,Mitchells,HumMart,Pakistan,Yes,3 Day Return and Exchange,Not Applicable,https://hummart.com/media/catalog/product/h/t/httpphpstack-143539-415191.cloudwaysapps.commedia8961005100015.jpg,Rs 150 | Exact price: 150.0000 PKR,,false,4,"Cooking and kitchen without match-sticks is not possible! This everyday essential Super Hockey Safety Matches Pack, is available in a pack of 10 Pieces (Boxes) to provide you with high quality.",1,https://hummart.com/mitchells-garden-peas-450-gm.html
Mon Salwa Chicken Seekh Kabab 360G,Frozen Foods,12 Pcs,Mon Salwa,HumMart,Pakistan,Yes,3 Day Return and Exchange,Not Applicable,https://hummart.com/media/catalog/product/h/t/httpphpstack-143539-415191.cloudwaysapps.commedia8964000159385.jpg,Rs 399 | Exact price: 399.0000 PKR,,false,3,"For everyday household and office use, Finis Mop White phenyle dilute is light in concentration and keeps your house sparkling clean with leaving behind a light fragrance.",1,https://hummart.com/mon-salwa-chicken-seekh-kabab-360g-12-pcs.html
Sufi Burger Patties,Frozen Foods,380 gm,Sufi,HumMart,Pakistan,Yes,3 Day Return and Exchange,Not Applicable,https://hummart.com/media/catalog/product/h/t/httpphpstack-143539-415191.cloudwaysapps.commedia8964000040591.jpg,Rs 350 | Exact price: 350.0000 PKR,,false,3,"Knead through all the fibre, vitamins and minerals with Sundridge Chakki Ata and feed your body the light,healthy and wholesome whole wheat flour in the form of rotis.",1,https://hummart.com/sufi-burger-patties-380-gm.html
Sufi Potato Cutlets,Frozen Foods,500 gm,Sufi,HumMart,Pakistan,Yes,3 Day Return and Exchange,Not Applicable,https://hummart.com/media/catalog/product/h/t/httpphpstack-143539-415191.cloudwaysapps.commedia8964001276463.jpg,Rs 410 | Exact price: 410.0000 PKR,,false,1,Soft Drink,1,https://hummart.com/sufi-potato-cutlets-500-gm.html
Sufi Space Nugget,Frozen Foods,800 gm,Sufi,HumMart,Pakistan,Yes,3 Day Return and Exchange,Not Applicable,https://hummart.com/media/catalog/product/h/t/httpphpstack-143539-415191.cloudwaysapps.commedia8964000039649.jpg,Rs 650 | Exact price: 650.0000 PKR,,false,1,Chicken flavour has a careful blend of herbs and spices that gives it a rich taste. It is definitely an all time favourite!,1,https://hummart.com/sufi-space-nugget-800-gm.html
Chatkhaar African Hot Chilli Sauce,Soya & Chilli Sauces,275 gm,Chatkhaar,HumMart,Pakistan,Yes,3 Day Return and Exchange,Not Applicable,https://hummart.com/media/catalog/product/h/t/httpphpstack-143539-415191.cloudwaysapps.commedia654561021280.jpg,Rs 280 | Exact price: 280.0000 PKR,,false,1,,1,https://hummart.com/chatkhaar-african-hot-chilli-sauce-275gm.html
Sundip Tomota Ketchup,Tomato Ketchup & Sauces,250 gm,Sundip,HumMart,Pakistan,Yes,3 Day Return and Exchange,Not Applicable,https://hummart.com/media/catalog/product/h/t/httpphpstack-143539-415191.cloudwaysapps.commedia654561020252.jpg,Rs 79 | Exact price: 79.0000 PKR,,false,1,,1,https://hummart.com/sundip-tomota-ketchup-250gm.html
Kolson Pasta Cut Vermicelli,Pasta,400 gm,Kolson Pasta Vermicelli,HumMart,Pakistan,Yes,3 Day Return and Exchange,Not Applicable,https://hummart.com/media/catalog/product/h/t/httpphpstack-143539-415191.cloudwaysapps.commedia671866149990.jpg,Rs 60 | Exact price: 60.0000 PKR,,false,1,"High energy and fat free jelly that gives you right amount of mango feel all year round. May it be  mango season or not, Rafhan mango jelly is the answer to your mango-call!",1,https://hummart.com/kolson-pasta-cut-vermicelli-400-gm.html
Khatir Tawaza Chicken Samosa,Ready To Eat,250 gm,Khatir Tawaza,HumMart,Pakistan,Yes,3 Day Return and Exchange,Not Applicable,https://hummart.com/media/catalog/product/h/t/httpphpstack-143539-415191.cloudwaysapps.commedia8964001416241.jpg,Rs 189 | Exact price: 189.0000 PKR,,false,7,Colgate Great Regular Flavour Tooth Paste removes germs from teeth and gums effectively and has a pleasant smell. Prevents germ buildup.,1,https://hummart.com/khatir-tawaza-chicken-samosa-250-gm.html
Mitchells Tomato Ketchup,Tomato Ketchup & Sauces,1kg,Mitchells,HumMart,Pakistan,Yes,3 Day Return and Exchange,Not Applicable,https://hummart.com/media/catalog/product/h/t/httpphpstack-143539-415191.cloudwaysapps.commedia8961005060203.jpg,Rs 225 | Exact price: 225.0000 PKR,,false,2,"OverviewAt 6 months old, your baby is ready to try his/her first solid foods. Packed with all the necessary nutrition NESTLE CERELAC supports your baby's growing needs. Great for taste and big on nutrition;NESTLE CERELAC 3 Fruits  is nutritionally adapted complementary food that contains goodness of grains and fruits and helps to introduce new flavours.Storage instructionsTo preserve its freshness and taste, store NESTLE CERELAC in a cool place and an air-tight container; use within 3 weeks of opening.Top 2 Features and BenefitsBabies require 5 times more Iron than adults, which is why NESTLE CERELAC is fortified with Iron. 2-3 helpings of NESTLE CERELAC help in the physical and cognitive development..Preparation, usage and serviceBoil clean water for 5 minutes and allow to cool. Measure 75ml lukewarm water and pour into a feeding bowl. Add 25g or 4 leveled tablespoons of NESTLE CERELAC and mix well. Ensure that the baby is fed with a clean spoon. Make fresh mixture for each serve (do not reuse)Ingredients and allergen informationWheat Flour, Skimmed Milk, Sucrose, Vegetable Oils, Apple, OrangePear, Soya Lecithin, Minerals, Vitamins, Bifidus Culture.",1,https://hummart.com/mitchells-tomato-ketchup-1-kg.html
Sundip Mixed Pickle,Pickles,1kg,Sundip,HumMart,Pakistan,Yes,3 Day Return and Exchange,Not Applicable,https://hummart.com/media/catalog/product/h/t/httpphpstack-143539-415191.cloudwaysapps.commedia654561013629.jpg,Rs 240 | Exact price: 240.0000 PKR,,false,2,"Zeera Whole, available in 100 gm, by Ameer & Sons has a strong earthy taste and flavor that is used in flavoring up your dishes. It is also used for making delicious stir fry rice.",1,https://hummart.com/sundip-mixed-pickle-1kg.html
Chatkhaar Sweet Chilli Sauce,Soya & Chilli Sauces,300 gm,Chatkhaar,HumMart,Pakistan,Yes,3 Day Return and Exchange,Not Applicable,https://hummart.com/media/catalog/product/h/t/httpphpstack-143539-415191.cloudwaysapps.commedia654561018280.jpg,Rs 280 | Exact price: 280.0000 PKR,,false,5,English Herbal Tooth Paste has all the herbal ingredients that protect your teeth and improves your oral hygiene.,1,https://hummart.com/chatkhaar-sweet-chilli-sauce-300-gm.html
Italia Pitted Green Olives Jar,Canned & Packaged Foods,230 gm,Italia,HumMart,Pakistan,Yes,3 Day Return and Exchange,Not Applicable,https://hummart.com/media/catalog/product/6/8/68907678657762.jpg,Rs 250 | Exact price: 250.0000 PKR,,false,9,"With natural extracts, Palmolive Naturals Aloe Vera with Chamomile Liquid Hand Wash gently cleanses your hands giving you soft supple hands.",1,https://hummart.com/italia-pitted-green-olives-jar-230-gm.html
Key Brand Hot Sauce,Soya & Chilli Sauces,300 ml,Key Brand,HumMart,Pakistan,Yes,3 Day Return and Exchange,Not Applicable,https://hummart.com/media/catalog/product/h/t/httpphpstack-143539-415191.cloudwaysapps.commedia6281652887773.jpg,Rs 95 | Exact price: 95.0000 PKR,,false,11,Colgate Great Regular Flavour Tooth Paste removes germs from teeth and gums effectively and has a pleasant smell. Prevents germ buildup.,1,https://hummart.com/key-brand-hot-sauce-300-ml.html
Key Brand Green Chilli Sauce Dip And Marinade,Soya & Chilli Sauces,350 gm,Key Brand,HumMart,United Kingdom,Yes,3 Day Return and Exchange,Not Applicable,https://hummart.com/media/catalog/product/h/t/httpphpstack-143539-415191.cloudwaysapps.commedia6283874703336.jpg,Rs 99 | Exact price: 99.0000 PKR,,false,23,"With Rose extract added in it, Harpic Rose Toilet Cleaner keeps your toilet smelling rose like with added freshness that does not make your bathroom experience intolerable.",1,https://hummart.com/key-brand-green-chilli-sauce-dip-and-marinade-350-gm.html
Key Brand Dp Steak Sauce Dip And Marinade,Other Sauces,350 gm,Key Brand,HumMart,Pakistan,Yes,3 Day Return and Exchange,Not Applicable,https://hummart.com/media/catalog/product/h/t/httpphpstack-143539-415191.cloudwaysapps.commedia6283874777542.jpg,Rs 94 | Exact price: 94.0000 PKR,,false,11,"Made with fresh onions & oil , crunchy texture, no artificial ingredients, & perfect for your curries and rice dishes.",1,https://hummart.com/key-brand-dp-steak-sauce-dip-and-marinade-350-gm.html
Key Brand Chinese Sauces Soup 3 In 1 Pack,Soya & Chilli Sauces,150 ml,Key Brand,HumMart,Pakistan,Yes,3 Day Return and Exchange,Not Applicable,https://hummart.com/media/catalog/product/h/t/httpphpstack-143539-415191.cloudwaysapps.commedia6284792268006.jpg,Rs 124 | Exact price: 124.0000 PKR,,false,15,Fine Atta - 5 Kg (Quantity 2)Daal Chana - 1 Kg (Quantity 1)Daal Masoor Washed - 1 Kg (Quantity 1)Ella Ghee - 1 Kg (Quantity 1)Salt - 800 Gm (Quantity 1)Chasnik Sugar - 1 Kg (Quantity 1)Lifebuoy Total Soap - 112 Gm (Quantity 3),1,https://hummart.com/key-brand-chinese-sauces-soup-3-in-1-pack-150-ml.html
Key Brand Chilli Sauce,Soya & Chilli Sauces,750 ml,Key Brand,HumMart,Pakistan,Yes,3 Day Return and Exchange,Not Applicable,https://hummart.com/media/catalog/product/h/t/httpphpstack-143539-415191.cloudwaysapps.commedia6281652502515.jpg,Rs 159 | Exact price: 159.0000 PKR,,false,10,,1,https://hummart.com/key-brand-chilli-sauce-750ml.html
Rafhan Ambient Dessert Strawberry Custard,Up sell Products,285 gm,Rafhan,HumMart,Pakistan,Yes,3 Day Return and Exchange,Not Applicable,https://hummart.com/media/catalog/product/s/t/strawberry_custard_5_fnyfo.jpg,Rs 90 | Exact price: 90.0000 PKR,,false,12,,1,https://hummart.com/rafhan-ambient-dessert-strawberry-custard-285-gm.html
Mehran Chilli Garlic Sauce,Tomato Ketchup & Sauces,1kg,Mehran Foods,HumMart,Pakistan,Yes,3 Day Return and Exchange,Not Applicable,https://hummart.com/media/catalog/product/h/t/httpphpstack-143539-415191.cloudwaysapps.commedia633152019622.jpg,Rs 210 | Exact price: 210.0000 PKR,,false,15,A blend of 9 traditional and different masalas that will blow your mind.,1,https://hummart.com/mehran-chilli-garlic-sauce-1kg.html
Shan Special Rasmalai Mix,Dessert Mixes,100 gm,Shan,HumMart,Pakistan,Yes,3 Day Return and Exchange,Not Applicable,https://hummart.com/media/catalog/product/h/t/httpphpstack-299729-917918.cloudwaysapps.comimages788821127099.jpg,Rs 95 | Exact price: 95.0000 PKR,,false,7,"National Yakhni Pulao spice mix is made with carefully picked ingredients to make your food delicious and tasty. All you have to do is add rice, meat and fresh ingredients to make scumptious and aromatic pulao.",1,https://hummart.com/shan-special-rasmalai-mix.html
Khatir Tawaza Chicken Nuggets,Frozen Foods,800 gm,Khatir Tawaza,HumMart,Pakistan,Yes,3 Day Return and Exchange,Not Applicable,https://hummart.com/media/catalog/product/h/t/httpphpstack-299729-917918.cloudwaysapps.comimages8964001416562.jpg,Rs 545 | Exact price: 545.0000 PKR,,false,3,"When constant pressures of winning makes you tense, taste of cool and sweet guava nectar, with 28% fruit juice content, refreshes your spirit.Nutritional Compass ImageStorage instructionsRefrigerate after opening and consume within 4 days.Top 2 Features and BenefitsFeatures: Made from Concentrate with 28%  Fruit Juice Content and Natural Sweetener Benefits: All NESTLÉ FRUITA VITALS products contain less than 100kcal per serving to achieve a healthy lifestyle.Ingredients and allergen informationGuava Pulp, Sugar, Citric Acid, Stabilisers, Natural Sweetener, Artificial Flavour & Permitted Food Colour.",1,https://hummart.com/khatir-tawaza-chicken-nuggets-800-gm.html
Shan Garlic Relish,Chutneys,315 gm,Shan,HumMart,Pakistan,Yes,3 Day Return and Exchange,Not Applicable,https://hummart.com/media/catalog/product/g/a/garlic-relish.jpg,Rs 160 | Exact price: 160.0000 PKR,,false,7,,1,https://hummart.com/shan-garlic-relish-315-gm.html
Khatir Tawaza Chicken Nuggets,Frozen Foods,270 gm,Khatir Tawaza,HumMart,Pakistan,Yes,3 Day Return and Exchange,Not Applicable,https://hummart.com/media/catalog/product/h/t/httpphpstack-143539-415191.cloudwaysapps.commedia8964001416579.jpg,Rs 245 | Exact price: 245.0000 PKR,,false,16,,1,https://hummart.com/khatir-tawaza-chicken-nuggets-270-gm.html
Dahi Phulki,Ready To Eat,500 gm,A&S,HumMart,Pakistan,Yes,3 Day Return and Exchange,Not Applicable,https://hummart.com/media/catalog/product/1/1/11219.jpg,Rs 100 | Exact price: 100.0000 PKR,,false,2,Make scrumptious dahi phulki quickly and easily with Dahi phulki available in 500 gm. With this dahi phulki you won't have to prepare the dish from scratch!,1,https://hummart.com/dahi-phulki-1.html
Falak Pista Kheer Mix,Dessert Mixes,155 gm,Falak,HumMart,Pakistan,Yes,3 Day Return and Exchange,Not Applicable,https://hummart.com/media/catalog/product/h/t/httpphpstack-143539-415191.cloudwaysapps.commedia8961100095254.jpg,Rs 65 | Exact price: 65.0000 PKR,,false,8,,1,https://hummart.com/falak-pista-kheer-mix-155-gm.html
Dawn Chicken Burger Patties,Frozen Foods,372 gm,Dawn Frozen,HumMart,Pakistan,Yes,3 Day Return and Exchange,Not Applicable,https://hummart.com/media/catalog/product/h/t/httpphpstack-143539-415191.cloudwaysapps.commedia8964001125150.jpg,Rs 249 | Exact price: 249.0000 PKR,,false,1,,1,https://hummart.com/dawn-chicken-burger-patties-372-gm.html
Suree Tom Yum Paste,Other Sauces,227 gm,Suree,HumMart,N/A,Yes,3 Day Return and Exchange,Not Applicable,https://hummart.com/media/catalog/product/8/8/8850344060640.jpg,Rs 429 | Exact price: 429.0000 PKR,,false,1,,1,https://hummart.com/suree-tom-yum-paste-227gm.html
Suree Pickled Whole Green Chilli,Soya & Chilli Sauces,227 gm,Suree,HumMart,N/A,Yes,3 Day Return and Exchange,Not Applicable,https://hummart.com/media/catalog/product/h/t/httpphpstack-143539-415191.cloudwaysapps.commedia8850344060077.jpg,Rs 419 | Exact price: 419.0000 PKR,,false,1,,1,https://hummart.com/suree-pickled-whole-green-chilli-227-gm.html
Dawn Chicken Seekh Kabab,Frozen Foods,180 gm,Dawn Frozen,HumMart,Pakistan,Yes,3 Day Return and Exchange,Not Applicable,https://hummart.com/media/catalog/product/h/t/httpphpstack-143539-415191.cloudwaysapps.commedia8964000177570.jpg,Rs 200 | Exact price: 200.0000 PKR,,false,8,,1,https://hummart.com/dawn-chicken-seekh-kabab-180-gm.html
Rafhan Mango Custard,Custard & Jelly,285 gm,Rafhan,HumMart,Pakistan,Yes,3 Day Return and Exchange,Not Applicable,https://hummart.com/media/catalog/product/m/a/mango_custard_50_gm.jpg,Rs 85 | Exact price: 90.0000 PKR,85.0000,true,85,,1,https://hummart.com/rafhan-mango-custard-285-gm.html
Rafhan Banana Custard,Up sell Products,285 gm,Rafhan,HumMart,Pakistan,Yes,3 Day Return and Exchange,Not Applicable,https://hummart.com/media/catalog/product/b/a/banana_custard_50_gm.jpg,Rs 90 | Exact price: 90.0000 PKR,,false,60,,1,https://hummart.com/rafhan-banana-custard-285-gm.html
Falak Vermicelli,Vermicelli,150 gm,Falak,HumMart,Pakistan,Yes,3 Day Return and Exchange,Not Applicable,https://hummart.com/media/catalog/product/h/t/httpphpstack-143539-415191.cloudwaysapps.commedia8961100092628.jpg,Rs 28 | Exact price: 28.0000 PKR,,false,32,,1,https://hummart.com/falak-vermicelli-150-gm.html
Mitchells Mango Pickle,Pickles,400 gm,Mitchells,HumMart,Pakistan,Yes,3 Day Return and Exchange,Not Applicable,https://hummart.com/media/catalog/product/h/t/httpphpstack-143539-415191.cloudwaysapps.commedia8961005070660.jpg,Rs 150 | Exact price: 150.0000 PKR,,false,6,,1,https://hummart.com/mitchells-mango-pickle-400-gm.html
Sabroso Chicken Tikka Leg Economy Pack,Frozen Foods,760 gm,Sabroso,HumMart,Pakistan,Yes,3 Day Return and Exchange,Not Applicable,https://hummart.com/media/catalog/product/h/t/httpphpstack-143539-415191.cloudwaysapps.commedia8964001542285.jpg,Rs 659 | Exact price: 659.0000 PKR,,false,1,"Masoor whole by HKC Grains, available in 1 kg, is a great way to consume a high level of proteins while enjoying the delicious tase.",1,https://hummart.com/sabroso-chicken-tikka-leg-economy-pack-760-gm.html
Sacla Italia Pesto Fresh Coriander,Tomato Ketchup & Sauces,190 gm,Sacla,HumMart,N/A,Yes,3 Day Return and Exchange,Not Applicable,https://hummart.com/media/catalog/product/h/t/httpphpstack-143539-415191.cloudwaysapps.commedia8001060006256.jpg,Rs 392 | Exact price: 450.0000 PKR,392.0000,true,5,,1,https://hummart.com/sacla-italia-pesto-fresh-coriander-190gm.html
Sacla Italia Pesto Classic Basil,Tomato Ketchup & Sauces,190 gm,Sacla,HumMart,N/A,Yes,3 Day Return and Exchange,Not Applicable,https://hummart.com/media/catalog/product/h/t/httpphpstack-143539-415191.cloudwaysapps.commedia8001060003316.jpg,Rs 392 | Exact price: 450.0000 PKR,392.0000,true,5,,1,https://hummart.com/sacla-italia-pesto-classic-basil-190gm.html
Sacla Italia Olive And Tomato Stir,Tomato Ketchup & Sauces,190 gm,Sacla,HumMart,N/A,Yes,3 Day Return and Exchange,Not Applicable,https://hummart.com/media/catalog/product/h/t/httpphpstack-143539-415191.cloudwaysapps.commedia8001060003279.jpg,Rs 374 | Exact price: 450.0000 PKR,374.0000,true,2,,1,https://hummart.com/sacla-italia-olive-and-tomato-stir-190gm.html
Rossmor Instant Coconut Milk Powder,Baking Ingredients,50 gm,Rossmor,HumMart,Pakistan,Yes,3 Day Return and Exchange,Not Applicable,https://hummart.com/media/catalog/product/h/t/httpphpstack-143539-415191.cloudwaysapps.commedia6281016807256.jpg,Rs 69 | Exact price: 69.0000 PKR,,false,61,,1,https://hummart.com/rossmor-instant-coconut-milk-powder-50gm.html
Rossmor Imported Instant Yeast Box 11G Each,Baking Ingredients,3 Pcs,Rossmor,HumMart,Pakistan,Yes,3 Day Return and Exchange,Not Applicable,https://hummart.com/media/catalog/product/h/t/httpphpstack-143539-415191.cloudwaysapps.commedia6071221000944.jpg,Rs 84 | Exact price: 84.0000 PKR,,false,26,,1,https://hummart.com/rossmor-imported-instant-yeast-box-11g-each-3-pcs.html
Rossmor Edible Gelatine,Baking Ingredients,50 gm,Rossmor,HumMart,Pakistan,Yes,3 Day Return and Exchange,Not Applicable,https://hummart.com/media/catalog/product/h/t/httpphpstack-143539-415191.cloudwaysapps.commedia6012014305020.jpg,Rs 129 | Exact price: 129.0000 PKR,,false,41,"Maida brings happiness to your lives by letting you make all the heavenly desserts like cakes, brownies and many more. Maida by Ameer & Sons, available in 1 kg, provides you with the best quality so that you can relish all the sweet and delicious snacks.",1,https://hummart.com/rossmor-edible-gelatine-50-gm.html
Rossmor Cocoa Powder,Baking Ingredients,50 gm,Rossmor,HumMart,Pakistan,Yes,3 Day Return and Exchange,Not Applicable,https://hummart.com/media/catalog/product/h/t/httpphpstack-143539-415191.cloudwaysapps.commedia6281014441162.jpg,Rs 75 | Exact price: 75.0000 PKR,,false,26,,1,https://hummart.com/rossmor-cocoa-powder-50gm.html
Crispo Mango Custard Powder,Custard & Jelly,120 gm,Crispo,HumMart,Pakistan,Yes,3 Day Return and Exchange,Not Applicable,https://hummart.com/media/catalog/product/h/t/httpphpstack-143539-415191.cloudwaysapps.commedia8964000070376.jpg,Rs 40 | Exact price: 47.0000 PKR,40.0000,true,25,,1,https://hummart.com/crispo-mango-custard-powder-120gm.html
Salman's Green Chilli Salsa Hot,Other Sauces,370 gm,Salmans,HumMart,Pakistan,Yes,3 Day Return and Exchange,Not Applicable,https://hummart.com/media/catalog/product/h/t/httpphpstack-143539-415191.cloudwaysapps.commedia8964000034095.jpg,Rs 153 | Exact price: 153.0000 PKR,,false,1,,1,https://hummart.com/salmans-green-chilli-salsa-hot-370gm.html
Salman's Chunky Salsa,Other Sauces,370 gm,Salmans,HumMart,Pakistan,Yes,3 Day Return and Exchange,Not Applicable,https://hummart.com/media/catalog/product/h/t/httpphpstack-143539-415191.cloudwaysapps.commedia8964000034934.jpg,Rs 145 | Exact price: 145.0000 PKR,,false,3,,1,https://hummart.com/salmans-chunky-salsa-370gm.html
Crispo Strawberry Powder,Custard & Jelly,120 gm,Crispo,HumMart,Pakistan,Yes,3 Day Return and Exchange,Not Applicable,https://hummart.com/media/catalog/product/h/t/httpphpstack-143539-415191.cloudwaysapps.commedia8964000070369.jpg,Rs 40 | Exact price: 47.0000 PKR,40.0000,true,16,,1,https://hummart.com/crispo-strawberry-powder-120gm.html
Chatkhaar Tamarind Masala Sauce,Other Sauces,300 gm,Chatkhaar,HumMart,Pakistan,Yes,3 Day Return and Exchange,Not Applicable,https://hummart.com/media/catalog/product/h/t/httpphpstack-143539-415191.cloudwaysapps.commedia654561021259.jpg,Rs 280 | Exact price: 280.0000 PKR,,false,3,,1,https://hummart.com/chatkhaar-tamarind-masala-sauce-300gm.html
Crispo Strawberry Custard,Custard & Jelly,300 gm,Crispo,HumMart,Pakistan,Yes,3 Day Return and Exchange,Not Applicable,https://hummart.com/media/catalog/product/h/t/httpphpstack-143539-415191.cloudwaysapps.commedia8964000070413.jpg,Rs 67 | Exact price: 70.0000 PKR,67.0000,true,4,,1,https://hummart.com/crispo-strawberry-custard-300g.html
National Vermicelli,Up sell Products,150 gm,National,HumMart,Pakistan,Yes,3 Day Return and Exchange,Not Applicable,https://hummart.com/media/catalog/product/h/t/httpphpstack-143539-415191.cloudwaysapps.commedia620514000121.jpg,Rs 28 | Exact price: 28.0000 PKR,,false,16,Get indulge in traditonal dessert of Saviyaan and Sheer Khurma this Eid with National Vermicelli.,1,https://hummart.com/national-vermicelli-150-gm.html
Salman's Strawberry Topping,Dessert Mixes,623 gm,Salmans,HumMart,Pakistan,Yes,3 Day Return and Exchange,Not Applicable,https://hummart.com/media/catalog/product/h/t/httpphpstack-143539-415191.cloudwaysapps.commedia8964000034729.jpg,Rs 330 | Exact price: 330.0000 PKR,,false,3,,1,https://hummart.com/salmans-strawberry-topping-623gm.html
Mehran Plum Chutney,Chutneys,320 gm,Mehran Foods,HumMart,Pakistan,Yes,3 Day Return and Exchange,Not Applicable,https://hummart.com/media/catalog/product/h/t/httpphpstack-143539-415191.cloudwaysapps.commedia633152002044.jpg,Rs 225 | Exact price: 225.0000 PKR,,false,1,,1,https://hummart.com/mehran-plum-chutney-320gm.html
Dipitt Hot Sauce,Other Sauces,60 ml,Dipitt,HumMart,N/A,Yes,3 Day Return and Exchange,Not Applicable,https://hummart.com/media/catalog/product/7/8/788821013910.jpg,Rs 80 | Exact price: 80.0000 PKR,,false,18,,1,https://hummart.com/dipitt-hot-sauce-60ml.html
Salman's Blueberry Topping,Dessert Mixes,623 gm,Salmans,HumMart,Pakistan,Yes,3 Day Return and Exchange,Not Applicable,https://hummart.com/media/catalog/product/h/t/httpphpstack-143539-415191.cloudwaysapps.commedia8964000034453.jpg,Rs 330 | Exact price: 330.0000 PKR,,false,4,,1,https://hummart.com/salmans-blueberry-topping-623gm.html
Mehran Mixed Fruit Chutney,Chutneys,400 gm,Mehran Foods,HumMart,Pakistan,Yes,3 Day Return and Exchange,Not Applicable,https://hummart.com/media/catalog/product/h/t/httpphpstack-143539-415191.cloudwaysapps.commedia633152007254.jpg,Rs 130 | Exact price: 130.0000 PKR,,false,3,,1,https://hummart.com/mehran-mixed-fruit-chutney-400gm.html
Schar Gluten Free Custard Creams,Custard & Jelly,125 gm,Schar,HumMart,N/A,Yes,3 Day Return and Exchange,Not Applicable,https://hummart.com/media/catalog/product/h/t/httpphpstack-143539-415191.cloudwaysapps.commedia8008698013083.jpg,Rs 681 | Exact price: 720.0000 PKR,681.0000,true,1,,1,https://hummart.com/schar-gluten-free-custard-creams-125g.html
Chatkhaar Shahi Chutney,Chutneys,330 gm,Chatkhaar,HumMart,Pakistan,Yes,3 Day Return and Exchange,Not Applicable,https://hummart.com/media/catalog/product/h/t/httpphpstack-143539-415191.cloudwaysapps.commedia654561018327.jpg,Rs 250 | Exact price: 250.0000 PKR,,false,6,,1,https://hummart.com/chatkhaar-shahi-chutney-330gm.html
Reem Rice Chicken Corn Soup Sachet,Soups,50 gm,Reem,HumMart,N/A,Yes,3 Day Return and Exchange,Not Applicable,https://hummart.com/media/catalog/product/9/0/9002578761230.jpg,Rs 125 | Exact price: 125.0000 PKR,,false,21,,1,https://hummart.com/reem-rice-chicken-corn-soup-sachet-50-gm.html
Reem Rice Hot & Sour Soup Sachet,Soups,48 gm,Reem,HumMart,N/A,Yes,3 Day Return and Exchange,Not Applicable,https://hummart.com/media/catalog/product/9/0/9002578762343.jpg,Rs 135 | Exact price: 135.0000 PKR,,false,24,,1,https://hummart.com/reem-rice-hot-sour-soup-sachet-48-gm.html
Jazaa Sheer Khurma Mix,Dessert Mixes,160 gm,Jazaa,HumMart,N/A,Yes,3 Day Return and Exchange,Not Applicable,https://hummart.com/media/catalog/product/8/9/8964002574261.png,Rs 81 | Exact price: 90.0000 PKR,81.0000,true,32,,1,https://hummart.com/jazaa-sheer-khurma-mix-160-gm.html
Jazaa Kheer Mix,Dessert Mixes,155 gm,Jazaa,HumMart,N/A,Yes,3 Day Return and Exchange,Not Applicable,https://hummart.com/media/catalog/product/8/9/8964002574254.jpeg,Rs 72 | Exact price: 80.0000 PKR,72.0000,true,57,,1,https://hummart.com/jazaa-kheer-mix-155-gm.html
Knorr Chicken Stock Powder,Masala Mixes,1kg,Knorr,HumMart,N/A,Yes,3 Day Return and Exchange,Not Applicable,https://hummart.com/media/catalog/product/h/t/httpphpstack-299729-917918.cloudwaysapps.comimages8961014016246.jpg,Rs 925 | Exact price: 925.0000 PKR,,false,2,,1,https://hummart.com/knorr-chicken-stock-powder-1kg.html
Mama Sitas Oyster Sauce Bottle,Tomato Ketchup & Sauces,405 gm,Mama Sitas,HumMart,N/A,Yes,3 Day Return and Exchange,Not Applicable,https://hummart.com/media/catalog/product/h/t/httpphpstack-299729-917918.cloudwaysapps.comimages4806534280132.jpg,Rs 550 | Exact price: 550.0000 PKR,,false,23,,1,https://hummart.com/mama-sitas-oyster-sauce-bottle-405-gm.html
Dipitt Buffalo Hot Sauce,Other Sauces,60 ml,Dipitt,HumMart,Pakistan,Yes,3 Day Return and Exchange,Not Applicable,https://hummart.com/media/catalog/product/7/8/788821013972.jpg,Rs 120 | Exact price: 120.0000 PKR,,false,19,,1,https://hummart.com/dipitt-buffalo-hot-sauce-60-ml.html
Dipitt Chilli Garlic Sauce Pouch,Soya & Chilli Sauces,450 gm,Dipitt,HumMart,Pakistan,Yes,3 Day Return and Exchange,Not Applicable,https://hummart.com/media/catalog/product/7/8/788821016355.jpg,Rs 150 | Exact price: 150.0000 PKR,,false,19,"To remove musitness and kill 99.9% germs, Finis Dmp White Phenyl keeps your surrounding fresh and germ free. 10 ml of the solution in water and wipe your floors.",1,https://hummart.com/dipitt-chilli-garlic-sauce-pouch-450-gm.html
Lesaffre Saf-Instant Yeast Pack,Baking Ingredients,500 gm,Lesaffre,HumMart,N/A,Yes,3 Day Return and Exchange,Not Applicable,https://hummart.com/media/catalog/product/h/t/httpphpstack-299729-917918.cloudwaysapps.comimages3267794000006.jpg,Rs 599 | Exact price: 599.0000 PKR,,false,17,,1,https://hummart.com/lesaffre-saf-instant-yeast-pack-500-gm.html
Zealpack (Size 12X18) Butter Paper Sheets,Baking Ingredients,24 Sheets,Zealpack,HumMart,N/A,Yes,3 Day Return and Exchange,Not Applicable,https://hummart.com/media/catalog/product/h/t/httpphpstack-299729-917918.cloudwaysapps.comimages8964000717882.jpg,Rs 167 | Exact price: 167.0000 PKR,,false,1,,1,https://hummart.com/zealpack-size-12x18-butter-paper-sheets-24-sheets.html
The Earth'S Gluten FREE Xanthan Gum Pouch,Baking Ingredients,250 gm,The Earth's,HumMart,N/A,Yes,3 Day Return and Exchange,Not Applicable,https://hummart.com/media/catalog/product/h/t/httpphpstack-299729-917918.cloudwaysapps.comimages8964000717660.jpg,"Rs 1,037 | Exact price: 1055.0000 PKR",1037.0000,true,2,,1,https://hummart.com/the-earth-s-gluten-free-xanthan-gum-pouch-250-gm.html
Shangrila Mango Pickle Pouch,Pickles,500 gm,Shangrila Pickle,HumMart,Pakistan,Yes,3 Day Return and Exchange,Not Applicable,https://hummart.com/media/catalog/product/8/9/8964000020869.jpg,Rs 140 | Exact price: 140.0000 PKR,,false,5,,1,https://hummart.com/shangrilla-mango-pickle-500-gms-pouch-1.html
Laziza Firni Saffaron,Dessert Mixes,150 gm,Laziza,HumMart,N/A,Yes,3 Day Return and Exchange,Not Applicable,https://hummart.com/media/catalog/product/5/0/5028217001028.jpg,Rs 75 | Exact price: 75.0000 PKR,,false,20,,1,https://hummart.com/laziza-firni-saffaron-150g.html
Chatkhaar Green Olive Pickle In Olive Oil,Pickles,300 gm,Chatkhaar,HumMart,Pakistan,Yes,3 Day Return and Exchange,Not Applicable,https://hummart.com/media/catalog/product/h/t/httpphpstack-143539-415191.cloudwaysapps.commedia654561021143.jpg,Rs 575 | Exact price: 575.0000 PKR,,false,2,,1,https://hummart.com/chatkhaar-green-olive-pickle-in-olive-oil-300gm.html
Chatkhaar Chicken Pickle In Olive Oil,Pickles,300 gm,Chatkhaar,HumMart,Pakistan,Yes,3 Day Return and Exchange,Not Applicable,https://hummart.com/media/catalog/product/h/t/httpphpstack-143539-415191.cloudwaysapps.commedia654561021228.jpg,Rs 495 | Exact price: 550.0000 PKR,495.0000,true,7,,1,https://hummart.com/chatkhaar-chicken-pickle-in-olive-oil-300gm.html
Chatkhaar Green Chilli Pickle In Olive Oil,Pickles,300 gm,Chatkhaar,HumMart,Pakistan,Yes,3 Day Return and Exchange,Not Applicable,https://hummart.com/media/catalog/product/h/t/httpphpstack-143539-415191.cloudwaysapps.commedia654561020320.jpg,Rs 450 | Exact price: 450.0000 PKR,,false,6,,1,https://hummart.com/chatkhaar-green-chilli-pickle-in-olive-oil-300gm.html
Mehran Kheer Mix,Dessert Mixes,155 gm,Mehran Foods,HumMart,Pakistan,Yes,3 Day Return and Exchange,Not Applicable,https://hummart.com/media/catalog/product/6/3/633152002068.jpg,Rs 65 | Exact price: 65.0000 PKR,,false,11,,1,https://hummart.com/mehran-kheer-mix-155-gm.html
Mehran Badam Kheer Mix,Dessert Mixes,155 gm,Mehran Foods,HumMart,Pakistan,Yes,3 Day Return and Exchange,Not Applicable,https://hummart.com/media/catalog/product/6/3/633152014597.jpg,Rs 80 | Exact price: 80.0000 PKR,,false,10,,1,https://hummart.com/mehran-badam-kheer-155gm.html
Chatkhaar Mixed Pickle In Olive Oil,Pickles,300 gm,Chatkhaar,HumMart,Pakistan,Yes,3 Day Return and Exchange,Not Applicable,https://hummart.com/media/catalog/product/h/t/httpphpstack-143539-415191.cloudwaysapps.commedia654561021129.jpg,Rs 349 | Exact price: 349.0000 PKR,,false,6,,1,https://hummart.com/chatkhaar-mixed-pickle-in-olive-oil-300gm.html
Mehran Sheer Khurma,Dessert Mixes,160 gm,Mehran Foods,HumMart,Pakistan,Yes,3 Day Return and Exchange,Not Applicable,https://hummart.com/media/catalog/product/6/3/633152014627.jpg,Rs 85 | Exact price: 85.0000 PKR,,false,3,,1,https://hummart.com/mehran-sheer-khurma-160-gm.html
Chatkhaar Lisoora Pickle In Olive Oil,Pickles,300 gm,Chatkhaar,HumMart,Pakistan,Yes,3 Day Return and Exchange,Not Applicable,https://hummart.com/media/catalog/product/h/t/httpphpstack-143539-415191.cloudwaysapps.commedia654561021167.jpg,Rs 450 | Exact price: 450.0000 PKR,,false,4,,1,https://hummart.com/chatkhaar-lisoora-pickle-in-olive-oil-300gm.html
Mehran Mixed Pickle Hyderabadi,Pickles,340 gm,Mehran Foods,HumMart,Pakistan,Yes,3 Day Return and Exchange,Not Applicable,https://hummart.com/media/catalog/product/h/t/httpphpstack-143539-415191.cloudwaysapps.commedia633152001979.jpg,Rs 130 | Exact price: 130.0000 PKR,,false,4,,1,https://hummart.com/mehran-mixed-pickle-hyderabadi-340gm.html
Mehran Chilli Pickle,Pickles,320 gm,Mehran Foods,HumMart,Pakistan,Yes,3 Day Return and Exchange,Not Applicable,https://hummart.com/media/catalog/product/h/t/httpphpstack-143539-415191.cloudwaysapps.commedia633152001948.jpg,Rs 130 | Exact price: 130.0000 PKR,,false,8,,1,https://hummart.com/mehran-chilli-pickle-320gm.html
Razmin Hoisin Sauce,Other Sauces,30 ml,Razmin,HumMart,N/A,Yes,3 Day Return and Exchange,Not Applicable,https://hummart.com/media/catalog/product/h/t/httpphpstack-143539-415191.cloudwaysapps.commedia8850534113262.png,Rs 362 | Exact price: 379.0000 PKR,362.0000,true,3,"IngredientsWater, Sugar, Soybean paste (Soybean, Wheat, Water, Salt), Salt, Modified starch(E1422), Vinegar, Sesame oil, Garlic powder, Spices, Color (E150c), Flavour enhancer (E635), Stabilizer (E415), Preservative (E202, E211), Cantain Soy, Wheat, Sesame and Celery (Fennel, Cumin)",1,https://hummart.com/razmin-hoisin-sauce-30ml.html
Razmin Worchestershire Sauce,Other Sauces,700 ml,Razmin,HumMart,N/A,Yes,3 Day Return and Exchange,Not Applicable,https://hummart.com/media/catalog/product/h/t/httpphpstack-143539-415191.cloudwaysapps.commedia8850534100934.png,Rs 585 | Exact price: 650.0000 PKR,585.0000,true,13,"IngredientsWater, Spices, Sugar, Vinegar, Salt, Onion Powder, Garlic Powder, Caramel (E 150C), Xanthan Gum (E 415)",1,https://hummart.com/razmin-worchestershire-sauce-700ml.html
Razmin Worchestershire Sauce,Other Sauces,300 ml,Razmin,HumMart,N/A,Yes,3 Day Return and Exchange,Not Applicable,https://hummart.com/media/catalog/product/h/t/httpphpstack-143539-415191.cloudwaysapps.commedia8850534100897.png,Rs 351 | Exact price: 379.0000 PKR,351.0000,true,1,"IngredientsWater, Spices, Sugar, Vinegar, Salt, Onion Powder, Garlic Powder, Caramel (E 150C), Xanthan Gum (E 415)",1,https://hummart.com/razmin-worchestershire-sauce-300ml.html
National Chilli Pickle,Pickles,310 gm,National,HumMart,Pakistan,Yes,3 Day Return and Exchange,Not Applicable,https://hummart.com/media/catalog/product/6/2/620514000633.jpg,Rs 130 | Exact price: 130.0000 PKR,,false,2,"With green chilli being the main ingredient, National Green Chilli Pickle has the power to zest up your boring Daal.",1,https://hummart.com/national-green-chilli-pickle-310g.html
National Mango Pickle,Pickles,320 gm,National,HumMart,Pakistan,Yes,3 Day Return and Exchange,Not Applicable,https://hummart.com/media/catalog/product/h/t/httpphpstack-143539-415191.cloudwaysapps.commedianf-034.png,Rs 130 | Exact price: 130.0000 PKR,,false,8,National Foods has a range of mouthwatering pickles and the most consumed pickle is National Mango Pickle. Made from both raw and ripe mangoes and  blended in with spices to give it a Pakistani touch.,1,https://hummart.com/national-mango-pickle-320-gm-1.html
Mehran Lemon Pickle,Pickles,320 gm,Mehran Foods,HumMart,Pakistan,Yes,3 Day Return and Exchange,Not Applicable,https://hummart.com/media/catalog/product/h/t/httpphpstack-143539-415191.cloudwaysapps.commedia633152001931.jpg,Rs 130 | Exact price: 130.0000 PKR,,false,8,,1,https://hummart.com/mehran-lemon-pickle-320gm.html
Suree Black Pepper Sauce,Other Sauces,150 ml,Suree,HumMart,N/A,Yes,3 Day Return and Exchange,Not Applicable,https://hummart.com/media/catalog/product/h/t/httpphpstack-143539-415191.cloudwaysapps.commedia8850344003807.jpg,Rs 299 | Exact price: 299.0000 PKR,,false,3,,1,https://hummart.com/suree-black-pepprt-sauce-150ml.html
Laziza Gajar Kheer Mix,Dessert Mixes,150 gm,Laziza,HumMart,N/A,Yes,3 Day Return and Exchange,Not Applicable,https://hummart.com/media/catalog/product/5/0/5028217001080.jpg,Rs 77 | Exact price: 85.0000 PKR,77.0000,true,28,,1,https://hummart.com/laziza-gajar-kheer-mix-150g.html
Suree Teriyaki Sauce,Other Sauces,150 ml,Suree,HumMart,N/A,Yes,3 Day Return and Exchange,Not Applicable,https://hummart.com/media/catalog/product/h/t/httpphpstack-143539-415191.cloudwaysapps.commedia8850344003777.jpg,Rs 299 | Exact price: 299.0000 PKR,,false,3,,1,https://hummart.com/suree-teriyaki-sauce-150ml.html
A1 Steak Sauce,Other Sauces,283 gm,A1,HumMart,United Arab Emirates,Yes,3 Day Return and Exchange,Not Applicable,https://hummart.com/media/catalog/product/h/t/httpphpstack-143539-415191.cloudwaysapps.commedia653121044387.jpg,Rs 386 | Exact price: 449.0000 PKR,386.0000,true,4,,1,https://hummart.com/a1-steak-sauce-283gm.html
Mehran Mixed Pickle,Pickles,320 gm,Mehran Foods,HumMart,Pakistan,Yes,3 Day Return and Exchange,Not Applicable,https://hummart.com/media/catalog/product/h/t/httpphpstack-143539-415191.cloudwaysapps.commedia633152001917.jpg,Rs 130 | Exact price: 130.0000 PKR,,false,6,,1,https://hummart.com/mehran-mixed-pickle-320gm.html
Italia Pitted Black Olives Jar,Canned & Packaged Foods,935 gm,Italia,HumMart,N/A,Yes,3 Day Return and Exchange,Not Applicable,https://hummart.com/media/catalog/product/h/t/httpphpstack-143539-415191.cloudwaysapps.commedia7051055502370.jpg,Rs 645 | Exact price: 645.0000 PKR,,false,3,,1,https://hummart.com/italia-pitted-black-olives-jar-935gm.html
Italia Green Stuffed Olives With Pimiento Paste Jar,Canned & Packaged Foods,935 gm,Italia,HumMart,N/A,Yes,3 Day Return and Exchange,Not Applicable,https://hummart.com/media/catalog/product/h/t/httpphpstack-143539-415191.cloudwaysapps.commedia7137571770308.jpg,Rs 699 | Exact price: 699.0000 PKR,,false,2,,1,https://hummart.com/italia-green-stuffed-olives-with-pimiento-paste-jar-935gm.html
Italia Green Stuffed Olives With Pimiento Paste Jar,Canned & Packaged Foods,450 gm,Italia,HumMart,N/A,Yes,3 Day Return and Exchange,Not Applicable,https://hummart.com/media/catalog/product/h/t/httpphpstack-143539-415191.cloudwaysapps.commedia6890767858778.jpg,Rs 379 | Exact price: 379.0000 PKR,,false,1,,1,https://hummart.com/italia-green-stuffed-olives-with-pimiento-paste-jar-450gm.html
Italia Green Stuffed Olives With Pimiento Paste Jar,Canned & Packaged Foods,230 gm,Italia,HumMart,N/A,Yes,3 Day Return and Exchange,Not Applicable,https://hummart.com/media/catalog/product/h/t/httpphpstack-143539-415191.cloudwaysapps.commedia6890767863796.jpg,Rs 250 | Exact price: 250.0000 PKR,,false,3,,1,https://hummart.com/italia-green-stuffed-olives-with-pimiento-paste-jar-230gm.html
Italia Green Sliced Olives Jar,Canned & Packaged Foods,450 gm,Italia,HumMart,N/A,Yes,3 Day Return and Exchange,Not Applicable,https://hummart.com/media/catalog/product/h/t/httpphpstack-143539-415191.cloudwaysapps.commedia199628085794.jpg,Rs 379 | Exact price: 379.0000 PKR,,false,9,,1,https://hummart.com/italia-green-sliced-olives-jar-450gm.html
Italia Green Plain Olives Jar,Canned & Packaged Foods,935 gm,Italia,HumMart,N/A,Yes,3 Day Return and Exchange,Not Applicable,https://hummart.com/media/catalog/product/h/t/httpphpstack-143539-415191.cloudwaysapps.commedia6890767854718.jpg,Rs 699 | Exact price: 699.0000 PKR,,false,7,,1,https://hummart.com/italia-green-plain-olives-jar-935gm.html
Italia Green Plain Olives Jar,Canned & Packaged Foods,230 gm,Italia,HumMart,N/A,Yes,3 Day Return and Exchange,Not Applicable,https://hummart.com/media/catalog/product/h/t/httpphpstack-143539-415191.cloudwaysapps.commedia6890767864786.jpg,Rs 335 | Exact price: 335.0000 PKR,,false,6,,1,https://hummart.com/italia-green-plain-olives-jar-230gm.html
Italia Black Plain Olives Jar,Canned & Packaged Foods,935 gm,Italia,HumMart,N/A,Yes,3 Day Return and Exchange,Not Applicable,https://hummart.com/media/catalog/product/h/t/httpphpstack-143539-415191.cloudwaysapps.commedia7137571722338.jpg,Rs 689 | Exact price: 689.0000 PKR,,false,6,,1,https://hummart.com/italia-black-plain-olives-jar-935gm.html
John West Wild Pacific Red Salmon Tin,Canned & Packaged Foods,213 gm,John West,HumMart,N/A,Yes,3 Day Return and Exchange,Not Applicable,https://hummart.com/media/catalog/product/h/t/httpphpstack-143539-415191.cloudwaysapps.commedia8964000591765.jpg,Rs 690 | Exact price: 750.0000 PKR,690.0000,true,5,,1,https://hummart.com/john-west-wild-pacific-red-salmon-tin-213gm.html
Amoy Hoi Sin Barbecue Sauce Tin,Canned & Packaged Foods,482 gm,Amoy Hoi,HumMart,N/A,Yes,3 Day Return and Exchange,Not Applicable,https://hummart.com/media/catalog/product/h/t/httpphpstack-143539-415191.cloudwaysapps.commedia078024120424.jpg,Rs 363 | Exact price: 399.0000 PKR,363.0000,true,15,,1,https://hummart.com/amoy-hoi-sin-barbecue-sauce-tin-482gm.html
Sufi Chicken Shami Kabab,Frozen Foods,252 gm,Sufi,HumMart,Pakistan,Yes,3 Day Return and Exchange,Not Applicable,https://hummart.com/media/catalog/product/h/t/httpphpstack-143539-415191.cloudwaysapps.commedia8964000039045.jpg,Rs 245 | Exact price: 245.0000 PKR,,false,7,,1,https://hummart.com/sufi-chicken-shami-kabab-252gm.html
Mitchells Tomato Puree,Canned & Packaged Foods,450 gm,Mitchells,HumMart,Pakistan,Yes,3 Day Return and Exchange,Not Applicable,https://hummart.com/media/catalog/product/h/t/httpphpstack-143539-415191.cloudwaysapps.commedia8961005100053.jpg,Rs 179 | Exact price: 179.0000 PKR,,false,19,,1,https://hummart.com/mitchells-tomato-puree-450g.html
Euro Beef Seekh Kabab,Frozen Foods,7 Pcs,Euro,HumMart,Pakistan,Yes,3 Day Return and Exchange,Not Applicable,https://hummart.com/media/catalog/product/h/t/httpphpstack-143539-415191.cloudwaysapps.commedia8964000142462.jpg,Rs 275 | Exact price: 275.0000 PKR,,false,1,,1,https://hummart.com/euro-beef-seekh-kabab-7-pcs.html
Ahmed Hurda In Sugar Syrup,Canned & Packaged Foods,450 gm,Ahmed Foods,HumMart,Pakistan,Yes,3 Day Return and Exchange,Not Applicable,https://hummart.com/media/catalog/product/h/u/hurda.jpg,Rs 151 | Exact price: 160.0000 PKR,151.0000,true,5,,1,https://hummart.com/ahmed-hurda-in-sugar-syrup-450g.html
Ahmed Carrot In Sugar Syrup,Canned & Packaged Foods,450 gm,Ahmed Foods,HumMart,Pakistan,Yes,3 Day Return and Exchange,Not Applicable,https://hummart.com/media/catalog/product/c/a/carrot.jpg,Rs 148 | Exact price: 160.0000 PKR,148.0000,true,11,,1,https://hummart.com/ahmed-carrot-in-sugar-syrup-450g.html
American Garden Olives Green Pitted,Canned & Packaged Foods,450 gm,American Garden,HumMart,United States,Yes,3 Day Return and Exchange,Not Applicable,https://hummart.com/media/catalog/product/h/t/httpphpstack-143539-415191.cloudwaysapps.commedia717273701762.jpg,Rs 425 | Exact price: 450.0000 PKR,425.0000,true,2,,1,https://hummart.com/american-garden-olives-green-pitted-450g.html
American Garden Topping & Filling Strawberry,Canned & Packaged Foods,21 Oz,American Garden,HumMart,United States,Yes,3 Day Return and Exchange,Not Applicable,https://hummart.com/media/catalog/product/h/t/httpphpstack-143539-415191.cloudwaysapps.commedia017273502155.jpg,Rs 903 | Exact price: 930.0000 PKR,903.0000,true,6,,1,https://hummart.com/american-garden-topping-filling-strawberry-21oz.html
American Garden Red Kidney Beans,Canned & Packaged Foods,400 gm,American Garden,HumMart,United Arab Emirates,Yes,3 Day Return and Exchange,Not Applicable,https://hummart.com/media/catalog/product/h/t/httpphpstack-143539-415191.cloudwaysapps.commedia717273501232.jpg,Rs 250 | Exact price: 250.0000 PKR,,false,1,,1,https://hummart.com/american-garden-red-kidney-beans-400-gm.html
American Garden Olives Green Stuffed,Canned & Packaged Foods,450 gm,American Garden,HumMart,United States,Yes,3 Day Return and Exchange,Not Applicable,https://hummart.com/media/catalog/product/h/t/httpphpstack-143539-415191.cloudwaysapps.commedia717273701779.jpg,Rs 403 | Exact price: 449.0000 PKR,403.0000,true,5,,1,https://hummart.com/american-garden-olives-green-stuffed-450gm.html
American Garden Cream Style Corn,Canned & Packaged Foods,14.75 Oz,American Garden,HumMart,United States,Yes,3 Day Return and Exchange,Not Applicable,https://hummart.com/media/catalog/product/h/t/httpphpstack-143539-415191.cloudwaysapps.commedia717273501126.jpg,Rs 270 | Exact price: 270.0000 PKR,,false,6,,1,https://hummart.com/american-garden-cream-style-corn-14-75oz.html
American Garden Bread & Butter Sweet Chips Cucumber,Canned & Packaged Foods,32 Oz,American Garden,HumMart,United States,Yes,3 Day Return and Exchange,Not Applicable,https://hummart.com/media/catalog/product/h/t/httpphpstack-143539-415191.cloudwaysapps.commedia717273501423.jpg,Rs 499 | Exact price: 499.0000 PKR,,false,1,,1,https://hummart.com/american-garden-bread-butter-sweet-chips-cucumber-32oz.html
Menu Kofta,Frozen Foods,1kg,Menu,HumMart,Pakistan,Yes,3 Day Return and Exchange,Not Applicable,https://hummart.com/media/catalog/product/h/t/httpphpstack-143539-415191.cloudwaysapps.commedia8964000068427.jpg,Rs 700 | Exact price: 700.0000 PKR,,false,1,,1,https://hummart.com/menu-kofta-1000gm.html
Knorr Demi Glace Base Sauce,Other Sauces,1kg,Knorr,HumMart,Pakistan,Yes,3 Day Return and Exchange,Not Applicable,https://hummart.com/media/catalog/product/h/t/httpphpstack-143539-415191.cloudwaysapps.commedia8961014189094.jpg,"Rs 1,077 | Exact price: 1125.0000 PKR",1077.0000,true,1,,1,https://hummart.com/knorr-demi-glace-base-sauce-1kg.html
Carte D'Or Chocolate Topping,Baking Ingredients,1.20kg,Carte Dor,HumMart,N/A,Yes,3 Day Return and Exchange,Not Applicable,https://hummart.com/media/catalog/product/h/t/httpphpstack-143539-415191.cloudwaysapps.commedia8961014194807.jpg,Rs 810 | Exact price: 810.0000 PKR,,false,2,,1,https://hummart.com/carte-dor-chocolate-topping-1-20kg.html
Menu Kofta,Frozen Foods,500 gm,Menu,HumMart,Pakistan,Yes,3 Day Return and Exchange,Not Applicable,https://hummart.com/media/catalog/product/h/t/httpphpstack-143539-415191.cloudwaysapps.commedia8964000068434.jpg,Rs 349 | Exact price: 349.0000 PKR,,false,2,,1,https://hummart.com/menu-kofta-500gm.html
Laziza Vermicelli Kheer,Dessert Mixes,155 gm,Laziza,HumMart,N/A,Yes,3 Day Return and Exchange,Not Applicable,https://hummart.com/media/catalog/product/5/0/5028217002742.jpg,Rs 80 | Exact price: 80.0000 PKR,,false,1,,1,https://hummart.com/laziza-vermicelli-kheer-155gm.html
Mehran Mixed Pickle,Pickles,200 gm,Mehran Foods,HumMart,Pakistan,Yes,3 Day Return and Exchange,Not Applicable,https://hummart.com/media/catalog/product/h/t/httpphpstack-143539-415191.cloudwaysapps.commedia633152022172.jpg,Rs 65 | Exact price: 65.0000 PKR,,false,1,,1,https://hummart.com/mehran-mixed-pickle-200gm.html
Carte D'Or Strawbrry Topping,Baking Ingredients,1.28kg,Carte Dor,HumMart,N/A,Yes,3 Day Return and Exchange,Not Applicable,https://hummart.com/media/catalog/product/h/t/httpphpstack-143539-415191.cloudwaysapps.commedia8961014004403.jpg,Rs 796 | Exact price: 799.0000 PKR,796.0000,true,1,,1,https://hummart.com/carte-dor-strawbrry-topping-1-28kg.html
Mehran Mango Pickle Hyderabadi,Pickles,340 gm,Mehran Foods,HumMart,Pakistan,Yes,3 Day Return and Exchange,Not Applicable,https://hummart.com/media/catalog/product/h/t/httpphpstack-143539-415191.cloudwaysapps.commedia633152001986.jpg,Rs 130 | Exact price: 130.0000 PKR,,false,6,,1,https://hummart.com/mehran-mango-pickle-hyderabadi-340gm.html
Shangrila Mango Pickle Plastic Jar,Pickles,400 gm,Shangrila Pickle,HumMart,Pakistan,Yes,3 Day Return and Exchange,Not Applicable,https://hummart.com/media/catalog/product/8/9/8964000020791_1.jpg,Rs 140 | Exact price: 140.0000 PKR,,false,7,,1,https://hummart.com/shangrila-mango-pickle-400-gms-plastic-jar.html
Shangrila Mixed Pickle Plastic Jar,Pickles,1kg,Shangrila Pickle,HumMart,Pakistan,Yes,3 Day Return and Exchange,Not Applicable,https://hummart.com/media/catalog/product/8/9/8964000020760.jpg,Rs 270 | Exact price: 270.0000 PKR,,false,5,,1,https://hummart.com/shangrila-mixed-pickle-1-kg-plastic-jar.html
Dipitt Tobasco Sauce,Other Sauces,60 ml,Dipitt,HumMart,N/A,Yes,3 Day Return and Exchange,Not Applicable,https://hummart.com/media/catalog/product/7/8/788821013903.jpg,Rs 120 | Exact price: 120.0000 PKR,,false,19,,1,https://hummart.com/dipitt-tobasco-sauce-60ml.html
Mehran Mixed Pickle,Pickles,1kg,Mehran Foods,HumMart,Pakistan,Yes,3 Day Return and Exchange,Not Applicable,https://hummart.com/media/catalog/product/h/t/httpphpstack-143539-415191.cloudwaysapps.commedia633152005625.jpg,Rs 310 | Exact price: 310.0000 PKR,,false,20,,1,https://hummart.com/mehran-mixed-pickle-1kg.html
Mehran Mango Pickle,Pickles,1kg,Mehran Foods,HumMart,Pakistan,Yes,3 Day Return and Exchange,Not Applicable,https://hummart.com/media/catalog/product/h/t/httpphpstack-143539-415191.cloudwaysapps.commedia633152005618.jpg,Rs 251 | Exact price: 251.0000 PKR,,false,9,,1,https://hummart.com/mehran-mango-pickle-1kg.html
Mitchells Carrot Pickle,Pickles,340 gm,Mitchells,HumMart,Pakistan,Yes,3 Day Return and Exchange,Not Applicable,https://hummart.com/media/catalog/product/h/t/httpphpstack-143539-415191.cloudwaysapps.commedia8961005070134.jpg,Rs 135 | Exact price: 135.0000 PKR,,false,3,,1,https://hummart.com/mitchells-carrot-pickle-340g.html
Mitchells Mango Hyderabadi Pickle In Oil,Pickles,340 gm,Mitchells,HumMart,Pakistan,Yes,3 Day Return and Exchange,Not Applicable,https://hummart.com/media/catalog/product/h/t/httpphpstack-143539-415191.cloudwaysapps.commedia8961005070110.jpg,Rs 135 | Exact price: 135.0000 PKR,,false,5,,1,https://hummart.com/mitchells-mango-hyderabadi-pickle-in-oil-340g.html
Mitchells Lime Pickle,Pickles,340 gm,Mitchells,HumMart,Pakistan,Yes,3 Day Return and Exchange,Not Applicable,https://hummart.com/media/catalog/product/h/t/httpphpstack-143539-415191.cloudwaysapps.commedia8961005070059.jpg,Rs 127 | Exact price: 145.0000 PKR,127.0000,true,2,,1,https://hummart.com/mitchells-lime-pickle-340g.html
National Kheer Mix,Dessert Mixes,155 gm,National,HumMart,Pakistan,Yes,3 Day Return and Exchange,Not Applicable,https://hummart.com/media/catalog/product/h/t/httpphpstack-143539-415191.cloudwaysapps.commedia620514000107.jpg,Rs 65 | Exact price: 65.0000 PKR,,false,4,National kheer Mix makes it easy for you to have kheer at your home. A perfect dessert to have at your special ocassions. This ready to cook dessert is quick to make and very tasty.,1,https://hummart.com/national-kheer-mix-155g.html
Crispo Banana Custard,Custard & Jelly,120 gm,Crispo,HumMart,Pakistan,Yes,3 Day Return and Exchange,Not Applicable,https://hummart.com/media/catalog/product/h/t/httpphpstack-143539-415191.cloudwaysapps.commedia8964000070352.jpg,Rs 40 | Exact price: 50.0000 PKR,40.0000,true,20,,1,https://hummart.com/crispo-banana-custard-120g.html
Vanila Custard Crispo,Custard & Jelly,300 gm,Crispo,HumMart,Pakistan,Yes,3 Day Return and Exchange,Not Applicable,https://hummart.com/media/catalog/product/h/t/httpphpstack-143539-415191.cloudwaysapps.commedia8964000070390.jpg,Rs 75 | Exact price: 75.0000 PKR,,false,7,,1,https://hummart.com/vanila-custard-crispo-300g.html
Mitchells Mango Pickle,Pickles,360 gm,Mitchells,HumMart,Pakistan,Yes,3 Day Return and Exchange,Not Applicable,https://hummart.com/media/catalog/product/h/t/httpphpstack-143539-415191.cloudwaysapps.commedia8961005070028.jpg,Rs 136 | Exact price: 150.0000 PKR,136.0000,true,2,,1,https://hummart.com/mitchells-mango-pickle-360g.html
Key Brand Ready To Use Pizza Sauce Glass Bottle,Other Sauces,185 ml,Key Brand,HumMart,N/A,Yes,3 Day Return and Exchange,Not Applicable,https://hummart.com/media/catalog/product/h/t/httpphpstack-143539-415191.cloudwaysapps.commedia6028195001354.jpg,Rs 185 | Exact price: 185.0000 PKR,,false,16,,1,https://hummart.com/key-brand-ready-to-use-pizza-sauce-glass-bottle-45gm.html
Figaro Olives Sliced Green,Canned & Packaged Foods,340 gm,Figaro,HumMart,N/A,Yes,3 Day Return and Exchange,Not Applicable,https://hummart.com/media/catalog/product/8/4/8410159270070.jpg,Rs 283 | Exact price: 283.0000 PKR,,false,2,Figaro Sliced Green olives are presliced olives that can be served as it is or as a topping for pizza or pasta. They are delicious in taste and very beneficial for your health.,1,https://hummart.com/figaro-olives-sliced-green-340gm.html
Key Brand Oyster Sauce,Other Sauces,180 gm,Key Brand,HumMart,N/A,Yes,3 Day Return and Exchange,Not Applicable,https://hummart.com/media/catalog/product/h/t/httpphpstack-143539-415191.cloudwaysapps.commedia6285001485009.jpg,Rs 109 | Exact price: 109.0000 PKR,,false,14,,1,https://hummart.com/key-brand-oyster-sauce-180gm.html
Crispo Custard Powder Mango,Custard & Jelly,300 gm,Crispo,HumMart,Pakistan,Yes,3 Day Return and Exchange,Not Applicable,https://hummart.com/media/catalog/product/h/t/httpphpstack-143539-415191.cloudwaysapps.commedia8964000070420.jpg,Rs 57 | Exact price: 65.0000 PKR,57.0000,true,12,,1,https://hummart.com/crispo-custard-powder-mango-300gm.html
Dipitt Smokey BBQ Sauce,Other Sauces,300 gm,Dipitt,HumMart,N/A,Yes,3 Day Return and Exchange,Not Applicable,https://hummart.com/media/catalog/product/7/8/788821012807.jpg,Rs 275 | Exact price: 275.0000 PKR,,false,4,,1,https://hummart.com/dipitt-smokey-bbq-sauce-300gm.html
Italiano Cream Of Tartar Bottle,Baking Ingredients,100 gm,Italiano,HumMart,N/A,Yes,3 Day Return and Exchange,Not Applicable,https://hummart.com/media/catalog/product/h/t/httpphpstack-299729-917918.cloudwaysapps.comimages8964000716748.jpg,Rs 127 | Exact price: 127.0000 PKR,,false,1,,1,https://hummart.com/italiano-cream-of-tartar-bottle-100-gm.html
Wah Vermicelli,Vermicelli,150 gm,Wah,HumMart,N/A,Yes,3 Day Return and Exchange,Not Applicable,https://hummart.com/media/catalog/product/h/t/httpphpstack-299729-917918.cloudwaysapps.comimages8964001095675.jpg,Rs 20 | Exact price: 20.0000 PKR,,false,57,,1,https://hummart.com/wah-vermicelli-150-gm.html
Italiano Plain Tempura Batter Mix Flour,Baking Ingredients,200 gm,Italiano,HumMart,N/A,Yes,3 Day Return and Exchange,Not Applicable,https://hummart.com/media/catalog/product/h/t/httpphpstack-299729-917918.cloudwaysapps.comimages8964000716069.jpg,Rs 101 | Exact price: 101.0000 PKR,,false,1,,1,https://hummart.com/italiano-plain-tempura-batter-mix-flour-200-gm.html
Italiano Cocoa Powder Box,Baking Ingredients,50 gm,Italiano,HumMart,N/A,Yes,3 Day Return and Exchange,Not Applicable,https://hummart.com/media/catalog/product/h/t/httpphpstack-299729-917918.cloudwaysapps.comimages8964000716175.jpg,Rs 63 | Exact price: 63.0000 PKR,,false,1,,1,https://hummart.com/italiano-cocoa-powder-box-50-gm.html
Knorr Tomato Ketchup,Sauces & Ketchups,800 gm,Knorr,HumMart,N/A,Yes,3 Day Return and Exchange,Not Applicable,https://hummart.com/media/catalog/product/8/9/8961014017618.jpg,Rs 220 | Exact price: 220.0000 PKR,,false,160,,1,https://hummart.com/knorr-tomato-ketchup-800-gm-6.html
Knorr Noodles Chicken Family Pack,Instant Noodles,1 Unit,Knorr,HumMart,Pakistan,Yes,3 Day Return and Exchange,Not Applicable,https://hummart.com/media/catalog/product/8/9/8961014018141.jpg,Rs 149 | Exact price: 149.0000 PKR,,false,1037,,1,https://hummart.com/knorr-noodles-chicken-family-pack-1-unit.html
Bakea Icing Sugar,Baking Ingredients,300 gm,Bakea,HumMart,N/A,Yes,3 Day Return and Exchange,Not Applicable,https://hummart.com/media/catalog/product/h/t/httpphpstack-299729-917918.cloudwaysapps.comimages6904542109405.jpg,Rs 100 | Exact price: 100.0000 PKR,,false,1,,1,https://hummart.com/bakea-icing-sugar-300gm.html
Bakea Brown Sugar,Baking Ingredients,300 gm,Bakea,HumMart,N/A,Yes,3 Day Return and Exchange,Not Applicable,https://hummart.com/media/catalog/product/h/t/httpphpstack-299729-917918.cloudwaysapps.comimages6904542109406.jpg,Rs 115 | Exact price: 115.0000 PKR,,false,3,,1,https://hummart.com/bakea-brown-sugar-300-gm.html
Bakea Baking Soda,Baking Ingredients,100 gm,Bakea,HumMart,N/A,Yes,3 Day Return and Exchange,Not Applicable,https://hummart.com/media/catalog/product/h/t/httpphpstack-299729-917918.cloudwaysapps.comimages6904542109402.jpg,Rs 55 | Exact price: 55.0000 PKR,,false,3,,1,https://hummart.com/bakea-baking-soda-100-gm.html
Todays Mixed Fruit Slices Tin,Canned & Packaged Foods,432 gm,Todays,HumMart,N/A,Yes,3 Day Return and Exchange,Not Applicable,https://hummart.com/media/catalog/product/h/t/httpphpstack-299729-917918.cloudwaysapps.comimages4800024558503.jpg,Rs 205 | Exact price: 205.0000 PKR,,false,6,,1,https://hummart.com/todays-mixed-fruit-slices-tin-432-gm.html
Bakea Instant Yeast,Baking Ingredients,25 gm,Bakea,HumMart,N/A,Yes,3 Day Return and Exchange,Not Applicable,https://hummart.com/media/catalog/product/h/t/httpphpstack-299729-917918.cloudwaysapps.comimages6904542109401.jpg,Rs 100 | Exact price: 100.0000 PKR,,false,4,,1,https://hummart.com/bakea-instant-yeast-25-gm.html
Bakea Premium Cocoa Powder,Baking Ingredients,100 gm,Bakea,HumMart,Pakistan,Yes,3 Day Return and Exchange,Not Applicable,https://hummart.com/media/catalog/product/h/t/httpphpstack-299729-917918.cloudwaysapps.comimages6904542109400.jpg,Rs 200 | Exact price: 200.0000 PKR,,false,3,"High energy and fat free jelly that gives you right amount of mango feel all year round. May it be  mango season or not, Rafhan mango jelly is the answer to your mango-call!",1,https://hummart.com/bakea-premium-cocoa-powder-100-gm.html
Todays Mixed Fruit Slices Tin,Canned & Packaged Foods,836 gm,Todays,HumMart,Pakistan,Yes,3 Day Return and Exchange,Not Applicable,https://hummart.com/media/catalog/product/h/t/httpphpstack-299729-917918.cloudwaysapps.comimages4800024558268.jpg,Rs 309 | Exact price: 309.0000 PKR,,false,12,"Masoor whole by HKC Grains, available in 1 kg, is a great way to consume a high level of proteins while enjoying the delicious tase.",1,https://hummart.com/todays-mixed-fruit-slices-tin-836-gm.html
Italia Pitted Black Olives,Canned & Packaged Foods,430 gm,Italia,HumMart,Pakistan,Yes,3 Day Return and Exchange,Not Applicable,https://hummart.com/media/catalog/product/6/5/6533411397710.jpg,Rs 379 | Exact price: 379.0000 PKR,,false,9,,1,https://hummart.com/italia-pitted-black-olives-430-gm.html
Todays Mixed Fruit Slices Tin,Canned & Packaged Foods,3kg,Todays,HumMart,N/A,Yes,3 Day Return and Exchange,Not Applicable,https://hummart.com/media/catalog/product/h/t/httpphpstack-299729-917918.cloudwaysapps.comimages4800024038548.jpg,Rs 799 | Exact price: 799.0000 PKR,,false,5,,1,https://hummart.com/todays-mixed-fruit-slices-tin-3kg.html
Rossmor Baking Powder Fancy Jar,Baking Ingredients,100 gm,Rossmor,HumMart,Pakistan,Yes,3 Day Return and Exchange,Not Applicable,https://hummart.com/media/catalog/product/h/t/httpphpstack-143539-415191.cloudwaysapps.commedia6028104400223.jpg,Rs 95 | Exact price: 95.0000 PKR,,false,15,"Maida brings happiness to your lives by letting you make all the heavenly desserts like cakes, brownies and many more. Maida by Ameer & Sons, available in 500 gm, provides you with the best quality so that you can relish all the sweet and delicious snacks.",1,https://hummart.com/rossmor-baking-powder-fancy-jar-100-gm.html
Rossmor Baking Powder,Baking Ingredients,50 gm,Rossmor,HumMart,Pakistan,Yes,3 Day Return and Exchange,Not Applicable,https://hummart.com/media/catalog/product/h/t/httpphpstack-143539-415191.cloudwaysapps.commedia6028107700115.jpg,Rs 45 | Exact price: 45.0000 PKR,,false,16,"For rich and creamy best taste of food, let oplhers cream takeover centre space in your kitchen drawer.",1,https://hummart.com/rossmor-baking-powder-50-gm.html
Rossmor Baking Powder,Baking Ingredients,100 gm,Rossmor,HumMart,Pakistan,Yes,3 Day Return and Exchange,Not Applicable,https://hummart.com/media/catalog/product/h/t/httpphpstack-143539-415191.cloudwaysapps.commedia6028104400117.jpg,Rs 74 | Exact price: 74.0000 PKR,,false,15,National Chilli Garlic Sauce makes your favourite snacks and meals sizzling with extra hot chillis.,1,https://hummart.com/rossmor-baking-powder-100-gm.html
My Cook Rainbow Sprinkles Nonpareils,Baking Ingredients,85 gm,My Cook,HumMart,N/A,Yes,3 Day Return and Exchange,Not Applicable,https://hummart.com/media/catalog/product/h/t/httpphpstack-143539-415191.cloudwaysapps.commedia6518931938018.jpg,Rs 99 | Exact price: 99.0000 PKR,,false,45,,1,https://hummart.com/my-cook-rainbow-sprinkles-nonpareils-85gm.html
Key Brand Worcestershire Sauce Dip And Marinade,Soya & Chilli Sauces,300 ml,Key Brand,HumMart,N/A,Yes,3 Day Return and Exchange,Not Applicable,https://hummart.com/media/catalog/product/h/t/httpphpstack-143539-415191.cloudwaysapps.commedia6282763602323.jpg,Rs 99 | Exact price: 99.0000 PKR,,false,10,,1,https://hummart.com/key-brand-worcestershire-sauce-dip-and-marinade-300ml.html
My Cook Cream Of Tartar,Baking Ingredients,85 gm,My Cook,HumMart,N/A,Yes,3 Day Return and Exchange,Not Applicable,https://hummart.com/media/catalog/product/h/t/httpphpstack-143539-415191.cloudwaysapps.commedia6518932665272.jpg,Rs 44 | Exact price: 63.0000 PKR,44.0000,true,52,,1,https://hummart.com/my-cook-cream-of-tartar-85gm.html
Key Brand Soy Sauce,Soya & Chilli Sauces,300 ml,Key Brand,HumMart,Pakistan,Yes,3 Day Return and Exchange,Not Applicable,https://hummart.com/media/catalog/product/h/t/httpphpstack-143539-415191.cloudwaysapps.commedia6280541402509.jpg,Rs 85 | Exact price: 85.0000 PKR,,false,15,,1,https://hummart.com/key-brand-soy-sauce-300ml.html
Key Brand Chilli Sauce,Soya & Chilli Sauces,300 ml,Key Brand,HumMart,N/A,Yes,3 Day Return and Exchange,Not Applicable,https://hummart.com/media/catalog/product/h/t/httpphpstack-143539-415191.cloudwaysapps.commedia6281652502416.jpg,Rs 91 | Exact price: 91.0000 PKR,,false,22,,1,https://hummart.com/key-brand-chilli-sauce-300ml.html
Italia Whole Kernel Corn Tin,Canned & Packaged Foods,380 gm,Italia,HumMart,Pakistan,Yes,3 Day Return and Exchange,Not Applicable,https://hummart.com/media/catalog/product/h/t/httpphpstack-143539-415191.cloudwaysapps.commedia6890767821734.jpg,Rs 125 | Exact price: 125.0000 PKR,,false,4,"High energy and fat free jelly that gives you right amount of mango feel all year round. May it be  mango season or not, Rafhan mango jelly is the answer to your mango-call!",1,https://hummart.com/italia-whole-kernel-corn-tin-380-gm.html
Italia Pitted Green Olives Jar,Canned & Packaged Foods,935 gm,Italia,HumMart,Pakistan,Yes,3 Day Return and Exchange,Not Applicable,https://hummart.com/media/catalog/product/h/t/httpphpstack-143539-415191.cloudwaysapps.commedia6890767855708.jpg,Rs 620 | Exact price: 620.0000 PKR,,false,8,Get indulge in traditonal dessert of Saviyaan and Sheer Khurma this Eid with National Vermicelli.,1,https://hummart.com/italia-pitted-green-olives-jar-935-gm.html
