title,listing_url,address,price,type,bedrooms,bathrooms,floor_area,telephone,latitude,longitude
Freehold Luxurious 4 BR Villa in Diyar  Muharraq,https://www.propertyfinder.bh/en/buy/villa-for-sale-muharraq-governorate-diyar-al-muharraq-al-sidra-308695.html," Al Sidra, Diyar Al Muharraq, Muharraq Governorate","212,000 BHD",Villa,4,4,254 / sqm,+97338000002,26.311422,50.643066
Freehold Luxury 4BR Villa in Diyar Al Muharraq,https://www.propertyfinder.bh/en/buy/villa-for-sale-muharraq-governorate-diyar-al-muharraq-al-sidra-320344.html," Al Sidra, Diyar Al Muharraq, Muharraq Governorate","160,500 BHD",Villa,4,4,189 / sqm,+97338000002,26.311422,50.643066
Tenanted 2BR flat sale in Tala Island,https://www.propertyfinder.bh/en/buy/apartment-for-sale-muharraq-governorate-amwaj-islands-tala-island-335103.html," Tala Island, Amwaj Islands, Muharraq Governorate","95,000 BHD",Apartment,2,2,163 / sqm,+97333111577,26.300025,50.663164
Magnificent Villa with Panoramic Sea View,https://www.propertyfinder.bh/en/buy/villa-for-sale-southern-governorate-durrat-al-bahrain-335257.html," Durrat Al Bahrain, Southern Governorate","290,000 BHD",Villa,5,6,"1,000 / sqm",+97333184488,25.833926,50.613853
Beautiful 3 bed + maid room amazing duplex flat,https://www.propertyfinder.bh/en/buy/duplex-for-sale-capital-governorate-reef-island-335100.html," Reef Island, Capital Governorate","215,000 BHD",Duplex,3,4,230 / sqm,+97366937485,26.241751,50.566394
Higher floor pool view apartment for sale,https://www.propertyfinder.bh/en/buy/apartment-for-sale-capital-governorate-al-juffair-335304.html," Al Juffair, Capital Governorate","55,000 BHD",Apartment,1,2,86 / sqm,+97333184488,26.211111,50.601111
Apartment only for GCC and title deed is available,https://www.propertyfinder.bh/en/buy/apartment-for-sale-muharraq-governorate-hidd-335239.html," Hidd, Muharraq Governorate","70,000 BHD",Apartment,3,3,164 / sqm,+97333453988,26.212634,50.674188
Brand new 4 Beds in Saar Saraya w Garden,https://www.propertyfinder.bh/en/buy/villa-for-sale-northern-governorate-saar-335021.html," Saar, Northern Governorate","230,000 BHD",Villa,4,5,588 / sqm,+97337277078,26.191642,50.487574
Cozy one bedroom canal view  priced to sell,https://www.propertyfinder.bh/en/buy/apartment-for-sale-muharraq-governorate-dilmunia-island-the-treasure-334434.html," The Treasure, Dilmunia Island, Muharraq Governorate","56,500 BHD",Apartment,1,2,100 / sqm,+97339331159,26.272868,50.67289
Brand new 4 bed beach villa with private pool,https://www.propertyfinder.bh/en/buy/villa-for-sale-muharraq-governorate-amwaj-islands-amwaj-marina-334460.html," Amwaj Marina, Amwaj Islands, Muharraq Governorate","480,000 BHD",Villa,4,6,590 / sqm,+97337385353,26.293059,50.65944
Luxury Apartment Rented by US Navy    .,https://www.propertyfinder.bh/en/buy/apartment-for-sale-capital-governorate-al-juffair-334500.html," Al Juffair, Capital Governorate","130,000 BHD",Apartment,2,3,156 / sqm,+97339465789,26.211111,50.601111
Freehold Luxury 4BR Villa in Diyar  Al Muharraq,https://www.propertyfinder.bh/en/buy/villa-for-sale-muharraq-governorate-diyar-al-muharraq-al-sidra-320195.html," Al Sidra, Diyar Al Muharraq, Muharraq Governorate","163,500 BHD",Villa,4,4,189 / sqm,+97338000002,26.311422,50.643066
Fully Furnished 1.5 Bedroom For Sale in Seef,https://www.propertyfinder.bh/en/buy/apartment-for-sale-capital-governorate-seef-269997.html," Seef, Capital Governorate","104,413 BHD",Apartment,2,2,94 / sqm,+97377777795,26.24,50.537
Great Deal for this Reef Island apartment call now,https://www.propertyfinder.bh/en/buy/apartment-for-sale-capital-governorate-reef-island-334302.html," Reef Island, Capital Governorate","135,000 BHD",Apartment,3,5,175 / sqm,+97333216444,26.241751,50.566394
Brand New Super Waterfront Villa + Private Pool,https://www.propertyfinder.bh/en/buy/villa-for-sale-muharraq-governorate-amwaj-islands-amwaj-avenue-334391.html," Amwaj Avenue, Amwaj Islands, Muharraq Governorate","495,000 BHD",Villa,7,7+,920 / sqm,+97332083778,26.29303,50.66474
Luxurious apartment with an outstanding interior,https://www.propertyfinder.bh/en/buy/apartment-for-sale-capital-governorate-seef-333981.html," Seef, Capital Governorate","78,000 BHD",Apartment,1,1,70 / sqm,+97334028884,26.24,50.537
Fully renovated sea view  2 bedroom for sale,https://www.propertyfinder.bh/en/buy/apartment-for-sale-muharraq-governorate-amwaj-islands-tala-island-334949.html," Tala Island, Amwaj Islands, Muharraq Governorate","70,000 BHD",Apartment,2,2,115 / sqm,+97337385353,26.300025,50.663164
Perfect modern contemporary brand-new studio,https://www.propertyfinder.bh/en/buy/apartment-for-sale-muharraq-governorate-hidd-335300.html," Hidd, Muharraq Governorate","35,000 BHD",Apartment,studio,1,40 / sqm,+97333184488,26.212634,50.674188
Deluxe finishing apartments for sale in Al Hidd,https://www.propertyfinder.bh/en/buy/apartment-for-sale-muharraq-governorate-hidd-334825.html," Hidd, Muharraq Governorate","64,999 BHD",Apartment,3,5,160 / sqm,+97337778519,26.212634,50.674188
Luxury villa for sale in Saar area.,https://www.propertyfinder.bh/en/buy/villa-for-sale-northern-governorate-saar-334762.html," Saar, Northern Governorate","360,000 BHD",Villa,5,7,925 / sqm,+97339655161,26.191642,50.487574
Private Residential Land (RA) in Bu Ghazal,https://www.propertyfinder.bh/en/buy/land-for-sale-capital-governorate-manama-bu-ghazal-332264.html," Bu Ghazal, Manama, Capital Governorate","300,746 BHD",Land,N/A,N/A,698 / sqm,N/A,N/A,N/A
Flat For Sale in Juffair 63000 BD -AG782,https://www.propertyfinder.bh/en/buy/apartment-for-sale-capital-governorate-al-juffair-332200.html," Al Juffair, Capital Governorate","63,000 BHD",Apartment,2,2,105 / sqm,N/A,N/A,N/A
Flat For Sale in Juffair 75000 BD -AG779,https://www.propertyfinder.bh/en/buy/apartment-for-sale-capital-governorate-al-juffair-332201.html," Al Juffair, Capital Governorate","75,000 BHD",Apartment,3,3,186 / sqm,N/A,N/A,N/A
Modern and Luxurious 2 Bedroom + balcony,https://www.propertyfinder.bh/en/buy/apartment-for-sale-capital-governorate-al-juffair-330366.html," Al Juffair, Capital Governorate","93,000 BHD",Apartment,2,3,120 / sqm,N/A,N/A,N/A
Attractive Residential Land For Sale,https://www.propertyfinder.bh/en/buy/land-for-sale-northern-governorate-bu-quwah-saraya-2-334488.html," Saraya 2, Bu Quwah, Northern Governorate","188,000 BHD",Land,N/A,N/A,665 / sqm,N/A,N/A,N/A
Luxurious Studio 37sqm+balcony Furnished,https://www.propertyfinder.bh/en/buy/apartment-for-sale-capital-governorate-al-juffair-330365.html," Al Juffair, Capital Governorate","49,500 BHD",Apartment,studio,1,37 / sqm,+97366720802,26.211111,50.601111
Brand new Quality Apartment In  new Hidd !,https://www.propertyfinder.bh/en/buy/apartment-for-sale-muharraq-governorate-hidd-334954.html," Hidd, Muharraq Governorate","90,000 BHD",Apartment,2,3,104 / sqm,+97366699914,26.212634,50.674188
- Luxury villa for sale near Saar Mall-,https://www.propertyfinder.bh/en/buy/villa-for-sale-northern-governorate-saar-269084.html," Saar, Northern Governorate","320,000 BHD",Villa,5,6,515 / sqm,+97333944584,26.191642,50.487574
Amazing Sea View Apartments In  Delmonia,https://www.propertyfinder.bh/en/buy/apartment-for-sale-muharraq-governorate-dilmunia-island-essence-of-dilmunia-277977.html," Essence of Dilmunia, Dilmunia Island, Muharraq Governorate","98,000 BHD",Apartment,2,3,120 / sqm,+97338330555,26.272868,50.67289
Luxurious Oasis Estate 5 Bedroom @ Riffa Views,https://www.propertyfinder.bh/en/buy/villa-for-sale-southern-governorate-riffa-riffa-views-282775.html," Riffa Views, Riffa, Southern Governorate","285,000 BHD",Villa,5,6,640 / sqm,+97339999159,26.097334,50.567365
Three Bedroom town house for sale in  RV,https://www.propertyfinder.bh/en/buy/villa-for-sale-southern-governorate-riffa-riffa-views-229332.html," Riffa Views, Riffa, Southern Governorate","175,000 BHD",Villa,3,3,274 / sqm,+97339749555,26.097334,50.567365
Opulent 5BR Signature Villa Now For Sale,https://www.propertyfinder.bh/en/buy/villa-for-sale-southern-governorate-riffa-riffa-views-218426.html," Riffa Views, Riffa, Southern Governorate","600,000 BHD",Villa,5,6,"1,300 / sqm",+97339749555,26.097334,50.567365
"Stunning,Elegant 1BR For Sale in Juffair!",https://www.propertyfinder.bh/en/buy/apartment-for-sale-capital-governorate-al-juffair-308129.html," Al Juffair, Capital Governorate","54,000 BHD",Apartment,1,2,70 / sqm,+97332200374,26.211111,50.601111
"Sea view,Pool,Gym Studio FF  for sale",https://www.propertyfinder.bh/en/buy/apartment-for-sale-capital-governorate-manama-sanabis-313487.html," Sanabis, Manama, Capital Governorate","36,000 BHD",Apartment,studio,1,43 / sqm,+97332200042,26.226559,50.54591
Spacious apartment for sale city-sea view,https://www.propertyfinder.bh/en/buy/apartment-for-sale-capital-governorate-seef-314040.html," Seef, Capital Governorate","95,000 BHD",Apartment,2,2,133 / sqm,+97336892015,26.24,50.537
*hot deal* Brand New studio w/Amazing Sea View*,https://www.propertyfinder.bh/en/buy/apartment-for-sale-muharraq-governorate-hidd-299735.html," Hidd, Muharraq Governorate","37,500 BHD",Apartment,studio,1,43 / sqm,+97332200330,26.212634,50.674188
Amazing investment opportunity,https://www.propertyfinder.bh/en/buy/apartment-for-sale-capital-governorate-al-juffair-292616.html," Al Juffair, Capital Governorate","48,000 BHD",Apartment,1,2,75 / sqm,+97333440279,26.211111,50.601111
"Urgent sale! B.New 1BHK water bay,water taxi",https://www.propertyfinder.bh/en/buy/apartment-for-sale-capital-governorate-bahrain-bay-298627.html," Bahrain Bay, Capital Governorate","82,000 BHD",Apartment,1,2,71 / sqm,+97332200330,26.249585,50.580361
Brand New Residential villa on a front street,https://www.propertyfinder.bh/en/buy/villa-for-sale-northern-governorate-al-maqsha-320276.html," Al Maqsha, Northern Governorate","125,000 BHD",Villa,4,5,160 / sqm,+97336943000,26.221059,50.516253
Brand new apartment in Tubli bay with balcony ..,https://www.propertyfinder.bh/en/buy/apartment-for-sale-central-governorate-tubli-320956.html," Tubli, Central Governorate","56,000 BHD",Apartment,3,2,123 / sqm,+97332213115,26.188889,50.55
Brand New 3 BR Apartment + Maid's Room,https://www.propertyfinder.bh/en/buy/apartment-for-sale-muharraq-governorate-hidd-306546.html," Hidd, Muharraq Governorate","78,000 BHD",Apartment,3,5,160 / sqm,+97336625301,26.212634,50.674188
Building for sale in Riffa Alhunayniyah area ..,https://www.propertyfinder.bh/en/buy/whole-building-for-sale-southern-governorate-riffa-riffa-al-sharqi-325227.html," Riffa Al Sharqi, Riffa, Southern Governorate","128,000 BHD",Whole Building,N/A,7+,201 / sqm,+97338777990,26.116217,50.572118
!!فلا فاخرة بتشطيب راقي ، قريبة من البحر,https://www.propertyfinder.bh/en/buy/villa-for-sale-northern-governorate-karrana-305924.html," Karrana, Northern Governorate","115,000 BHD",Villa,3,5,240 / sqm,+97338866603,26.230529,50.510877
European Style 4.5 Bedroom Villa in Saar,https://www.propertyfinder.bh/en/buy/villa-for-sale-northern-governorate-saar-296786.html," Saar, Northern Governorate","750,000 BHD",Villa,4,3,"1,712 / sqm",+97332166900,26.191642,50.487574
Luxury villa for sale in great location in Saar,https://www.propertyfinder.bh/en/buy/villa-for-sale-northern-governorate-saar-299080.html," Saar, Northern Governorate","375,000 BHD",Villa,5,6,560 / sqm,+97333944584,26.191642,50.487574
Luxury villa facing 2 roads in a quiet area,https://www.propertyfinder.bh/en/buy/villa-for-sale-northern-governorate-hamad-town-268442.html," Hamad Town, Northern Governorate","230,000 BHD",Villa,4,6,700 / sqm,N/A,N/A,N/A
1br sea view apartment for sale in Durrat Marina,https://www.propertyfinder.bh/en/buy/apartment-for-sale-southern-governorate-durrat-marina-281889.html," Durrat Marina, Southern Governorate","57,500 BHD",Apartment,1,2,84 / sqm,N/A,N/A,N/A
Perfect Family Atmosphere in this Amazing Villa,https://www.propertyfinder.bh/en/buy/villa-for-sale-northern-governorate-saar-277668.html," Saar, Northern Governorate","280,000 BHD",Villa,7,6,461 / sqm,N/A,N/A,N/A
Water Front View & Inspirational Designs,https://www.propertyfinder.bh/en/buy/villa-for-sale-muharraq-governorate-diyar-al-muharraq-al-naseem-285650.html," Al Naseem, Diyar Al Muharraq, Muharraq Governorate","199,000 BHD",Villa,3,4,257 / sqm,N/A,N/A,N/A
Garden View 3BR Villa @ Durrat AlBahrain,https://www.propertyfinder.bh/en/buy/villa-for-sale-southern-governorate-durrat-al-bahrain-277523.html," Durrat Al Bahrain, Southern Governorate","155,000 BHD",Villa,3,4,550 / sqm,N/A,N/A,N/A
Attractive Residential Land For Sale,https://www.propertyfinder.bh/en/buy/land-for-sale-northern-governorate-bu-quwah-saraya-2-334488.html," Saraya 2, Bu Quwah, Northern Governorate","188,000 BHD",Land,N/A,N/A,665 / sqm,+97334523352,26.191854,50.509177
High floor canal view apartment for sale,https://www.propertyfinder.bh/en/buy/apartment-for-sale-muharraq-governorate-dilmunia-island-the-treasure-334436.html," The Treasure, Dilmunia Island, Muharraq Governorate","58,000 BHD",Apartment,1,2,79 / sqm,+97339331159,26.272868,50.67289
Durrat  New 800M2 Open sea with Jetty Dock,https://www.propertyfinder.bh/en/buy/villa-for-sale-southern-governorate-durrat-al-bahrain-331682.html," Durrat Al Bahrain, Southern Governorate","320,000 BHD",Villa,5,6,800 / sqm,+97332191004,25.833926,50.613853
Hot Deal ! Pay 20% & own a seafront Luxury Apt,https://www.propertyfinder.bh/en/buy/apartment-for-sale-capital-governorate-reef-island-330100.html," Reef Island, Capital Governorate","67,500 BHD",Apartment,1,2,85 / sqm,+97333506000,26.241751,50.566394
Quick Sale| Fontana gardens| 20th Floor| Seaview,https://www.propertyfinder.bh/en/buy/apartment-for-sale-capital-governorate-al-juffair-331435.html," Al Juffair, Capital Governorate","107,000 BHD",Apartment,2,4,179 / sqm,+97336635611,26.211111,50.601111
Freehold Villa with Spacious Living Room,https://www.propertyfinder.bh/en/buy/villa-for-sale-muharraq-governorate-diyar-al-muharraq-al-sidra-268759.html," Al Sidra, Diyar Al Muharraq, Muharraq Governorate","132,500 BHD",Villa,2,3,162 / sqm,+97338000002,26.311422,50.643066
3BR Villa for a Perfect Home in Diyar  Al Muharraq,https://www.propertyfinder.bh/en/buy/villa-for-sale-muharraq-governorate-diyar-al-muharraq-al-sidra-320263.html," Al Sidra, Diyar Al Muharraq, Muharraq Governorate","151,000 BHD",Villa,3,3,187 / sqm,+97338000002,26.311422,50.643066
Luxurious 2BR Contemporary Style Villa at  Alsidra,https://www.propertyfinder.bh/en/buy/villa-for-sale-muharraq-governorate-diyar-al-muharraq-al-sidra-320296.html," Al Sidra, Diyar Al Muharraq, Muharraq Governorate","132,500 BHD",Villa,2,3,162 / sqm,+97338000002,26.311422,50.643066
Flat For Sale in Hidd 49000 BD -AG744,https://www.propertyfinder.bh/en/buy/apartment-for-sale-muharraq-governorate-hidd-334217.html," Hidd, Muharraq Governorate","49,000 BHD",Apartment,3,3,120 / sqm,+97334485245,26.212634,50.674188
Panoramic sea view villa with excellent landscape,https://www.propertyfinder.bh/en/buy/villa-for-sale-southern-governorate-durrat-al-bahrain-334286.html," Durrat Al Bahrain, Southern Governorate","340,000 BHD",Villa,5,7,"1,000 / sqm",+97333216444,25.833926,50.613853
Well-maintained one bedroom apartment at Juffair,https://www.propertyfinder.bh/en/buy/apartment-for-sale-capital-governorate-al-juffair-334284.html," Al Juffair, Capital Governorate","53,000 BHD",Apartment,1,1,57 / sqm,+97333216444,26.211111,50.601111
"Brand new 3 Beds villa, in Saar Shakhora",https://www.propertyfinder.bh/en/buy/villa-for-sale-northern-governorate-saar-329044.html," Saar, Northern Governorate","120,000 BHD",Villa,3,4,300 / sqm,+97337277078,26.191642,50.487574
"Brand new Sea view 3 Bedroom,,,new Hidd",https://www.propertyfinder.bh/en/buy/apartment-for-sale-muharraq-governorate-hidd-329254.html," Hidd, Muharraq Governorate","65,000 BHD",Apartment,3,4,170 / sqm,+97337277078,26.212634,50.674188
Brand New Villa. Ideal for Social Loan!,https://www.propertyfinder.bh/en/buy/villa-for-sale-northern-governorate-saar-328481.html," Saar, Northern Governorate","120,000 BHD",Villa,4,5,165 / sqm,+97333620218,26.191642,50.487574
Luxurious Sea + Harbor View With Easy Payment,https://www.propertyfinder.bh/en/buy/apartment-for-sale-capital-governorate-seef-334214.html," Seef, Capital Governorate","72,000 BHD",Apartment,1,2,81 / sqm,+97336111906,26.24,50.537
Brand new 1 bedroom ultra-modern sea view flat !,https://www.propertyfinder.bh/en/buy/apartment-for-sale-muharraq-governorate-diyar-al-muharraq-marassi-boulevard-333962.html," Marassi Boulevard, Diyar Al Muharraq, Muharraq Governorate","82,888 BHD",Apartment,1,1,80 / sqm,+97338000132,26.303447,50.646128
Luxury Villa 4sale in Saraya2 (bu quwah),https://www.propertyfinder.bh/en/buy/villa-for-sale-northern-governorate-bu-quwah-saraya-2-334046.html," Saraya 2, Bu Quwah, Northern Governorate","270,000 BHD",Villa,5,6,438 / sqm,+97338185909,26.191854,50.509177
Villa for  sale  in  Saraya 2 (Bu Quwah),https://www.propertyfinder.bh/en/buy/villa-for-sale-northern-governorate-bu-quwah-saraya-2-334050.html," Saraya 2, Bu Quwah, Northern Governorate","125,000 BHD",Villa,4,5,156 / sqm,+97338185909,26.191854,50.509177
Elegant Apartment compatible with Mazaya program,https://www.propertyfinder.bh/en/buy/apartment-for-sale-central-governorate-isa-town-328344.html," Isa Town, Central Governorate","74,000 BHD",Apartment,3,4,172 / sqm,+97338868838,26.165296,50.552181
Perfect Family Home or Investment Opportunity !,https://www.propertyfinder.bh/en/buy/apartment-for-sale-capital-governorate-seef-326858.html," Seef, Capital Governorate","109,000 BHD",Apartment,2,3,130 / sqm,+97338389770,26.24,50.537
"Amazing Building in Juffair,Brand New,High Floor",https://www.propertyfinder.bh/en/buy/apartment-for-sale-capital-governorate-al-juffair-328251.html," Al Juffair, Capital Governorate","69,000 BHD",Apartment,1,2,79 / sqm,N/A,N/A,N/A
"""New Launch Reef"" 2 Bed+Maids Rm+Balcony",https://www.propertyfinder.bh/en/buy/apartment-for-sale-capital-governorate-reef-island-326762.html," Reef Island, Capital Governorate",1 BHD,Apartment,2,2,130 / sqm,N/A,N/A,N/A
MODERN LUXURY APARTMENT AT PRIME LOCATION !,https://www.propertyfinder.bh/en/buy/apartment-for-sale-capital-governorate-seef-326861.html," Seef, Capital Governorate","77,500 BHD",Apartment,1,2,89 / sqm,N/A,N/A,N/A
Best parks villa in riffa views,https://www.propertyfinder.bh/en/buy/villa-for-sale-southern-governorate-riffa-riffa-views-328332.html," Riffa Views, Riffa, Southern Governorate","270,000 BHD",Villa,3,5,796 / sqm,N/A,N/A,N/A
cash buyers only deal! quick sale deal,https://www.propertyfinder.bh/en/buy/apartment-for-sale-capital-governorate-reef-island-333858.html," Reef Island, Capital Governorate","84,000 BHD",Apartment,2,3,123 / sqm,N/A,N/A,N/A
Reduced! 3 bedroom boat mooring and roof terrace,https://www.propertyfinder.bh/en/buy/apartment-for-sale-muharraq-governorate-amwaj-islands-al-marsa-floating-city-321540.html," Al Marsa Floating City, Amwaj Islands, Muharraq Governorate","80,000 BHD",Apartment,3,3,148 / sqm,+973066976679,26.284796,50.669621
Free hold 1 Bedroom for Sale in Juffair,https://www.propertyfinder.bh/en/buy/apartment-for-sale-capital-governorate-al-juffair-319310.html," Al Juffair, Capital Governorate","49,000 BHD",Apartment,1,2,70 / sqm,+97333239790,26.211111,50.601111
"villa 4 GCC.Citizens,private pool,driver room",https://www.propertyfinder.bh/en/buy/villa-for-sale-northern-governorate-hamala-299579.html," Hamala, Northern Governorate","360,000 BHD",Villa,4,5,440 / sqm,+97332200330,26.140337,50.478272
Luxurious 3 BR Apartment w/ Maid's Room,https://www.propertyfinder.bh/en/buy/apartment-for-sale-muharraq-governorate-hidd-306755.html," Hidd, Muharraq Governorate","78,000 BHD",Apartment,3,5,160 / sqm,+97336625301,26.212634,50.674188
Apartment with good furnishing for sale in Juffair,https://www.propertyfinder.bh/en/buy/apartment-for-sale-capital-governorate-al-juffair-333651.html," Al Juffair, Capital Governorate","65,000 BHD",Apartment,2,2,118 / sqm,+97333164448,26.211111,50.601111
Apartment that provides you with excellent views,https://www.propertyfinder.bh/en/buy/apartment-for-sale-capital-governorate-seef-335291.html," Seef, Capital Governorate","170,000 BHD",Apartment,4,5,300 / sqm,+97333184488,26.24,50.537
Beautiful 1BR Apartment for Sale in Dilmunia DEAL!,https://www.propertyfinder.bh/en/buy/apartment-for-sale-muharraq-governorate-dilmunia-island-essence-of-dilmunia-332860.html," Essence of Dilmunia, Dilmunia Island, Muharraq Governorate","67,000 BHD",Apartment,1,2,90 / sqm,+97333112349,26.272868,50.67289
Semi/Fully furnished 5bed Villa+maids&laundry,https://www.propertyfinder.bh/en/buy/villa-for-sale-muharraq-governorate-amwaj-islands-amwaj-avenue-332659.html," Amwaj Avenue, Amwaj Islands, Muharraq Governorate","135,000 BHD",Villa,5,6,216 / sqm,+97335627735,26.29303,50.66474
Offer of the Month/ amazing facilities!!,https://www.propertyfinder.bh/en/buy/apartment-for-sale-capital-governorate-al-juffair-331759.html," Al Juffair, Capital Governorate","73,000 BHD",Apartment,1,2,112 / sqm,+97336503388,26.211111,50.601111
"Modern 3 BR Villa 4 Sale, Saraya Boqouah",https://www.propertyfinder.bh/en/buy/villa-for-sale-northern-governorate-bu-quwah-saraya-2-332806.html," Saraya 2, Bu Quwah, Northern Governorate","120,000 BHD",Villa,3,3,238 / sqm,+97337277078,26.191854,50.509177
Juffair full sea view 3br+maid room-129k,https://www.propertyfinder.bh/en/buy/apartment-for-sale-capital-governorate-al-juffair-333180.html," Al Juffair, Capital Governorate","129,000 BHD",Apartment,3,5,200 / sqm,+97332191004,26.211111,50.601111
7br Freehold Luxury villa-sale with Lagoon,https://www.propertyfinder.bh/en/buy/villa-for-sale-muharraq-governorate-amwaj-islands-the-lagoon-332504.html," The Lagoon, Amwaj Islands, Muharraq Governorate","500,000 BHD",Villa,7,7+,890 / sqm,+97332191004,26.287778,50.663393
Sea Views From Every Room - Luxury Apt..,https://www.propertyfinder.bh/en/buy/apartment-for-sale-capital-governorate-reef-island-332646.html," Reef Island, Capital Governorate","225,000 BHD",Apartment,3,4,172 / sqm,+97336111903,26.241751,50.566394
Great location for Investment - Rented !,https://www.propertyfinder.bh/en/buy/apartment-for-sale-capital-governorate-al-juffair-330179.html," Al Juffair, Capital Governorate","61,000 BHD",Apartment,2,2,111 / sqm,+97336634000,26.211111,50.601111
Free Hold Sea Front Villa W/ Private Pool,https://www.propertyfinder.bh/en/buy/villa-for-sale-muharraq-governorate-diyar-al-muharraq-al-naseem-330229.html," Al Naseem, Diyar Al Muharraq, Muharraq Governorate","252,000 BHD",Villa,3,4,320 / sqm,+97338335516,26.311422,50.643066
Luxury apartment for sale - Flexible payment plans,https://www.propertyfinder.bh/en/buy/apartment-for-sale-capital-governorate-reef-island-330384.html," Reef Island, Capital Governorate","89,700 BHD",Apartment,2,3,128 / sqm,+97333506000,26.241751,50.566394
Luxury villa for sale in Riffa _ Bo Kowarah area.,https://www.propertyfinder.bh/en/buy/villa-for-sale-southern-governorate-riffa-bu-kowarah-331054.html," Bu Kowarah, Riffa, Southern Governorate","290,000 BHD",Villa,4,6,743 / sqm,+97339655161,26.131476,50.568845
Hot Deal!! Luxury Sea view Apartments with Balcony,https://www.propertyfinder.bh/en/buy/apartment-for-sale-capital-governorate-reef-island-330109.html," Reef Island, Capital Governorate","67,500 BHD",Apartment,1,2,85 / sqm,+97333506000,26.241751,50.566394
Are you looking for the best investment inBahrain?,https://www.propertyfinder.bh/en/buy/apartment-for-sale-capital-governorate-reef-island-330391.html," Reef Island, Capital Governorate","67,500 BHD",Apartment,1,2,85 / sqm,+97333506000,26.241751,50.566394
Freehold Luxurious 3BR Villa in Diyar  Muharraq,https://www.propertyfinder.bh/en/buy/villa-for-sale-muharraq-governorate-diyar-al-muharraq-al-sidra-308691.html," Al Sidra, Diyar Al Muharraq, Muharraq Governorate","146,700 BHD",Villa,3,3,180 / sqm,+97338000002,26.311422,50.643066
Fully Furnished 2-Bedroom with Maid room,https://www.propertyfinder.bh/en/buy/apartment-for-sale-capital-governorate-seef-269998.html," Seef, Capital Governorate","154,716 BHD",Apartment,3,4,133 / sqm,N/A,N/A,N/A
New Launch -REEF ISLAND-1 Bed Frm BD65K-Ready 2021,https://www.propertyfinder.bh/en/buy/apartment-for-sale-capital-governorate-reef-island-334180.html," Reef Island, Capital Governorate","65,000 BHD",Apartment,1,2,85 / sqm,N/A,N/A,N/A
Luxurious Hotel Apartment Building in Juffair,https://www.propertyfinder.bh/en/buy/whole-building-for-sale-capital-governorate-al-juffair-329512.html," Al Juffair, Capital Governorate","3,000,000 BHD",Whole Building,N/A,N/A,"1,621 / sqm",N/A,N/A,N/A
Villa for Sale in BuQuwah (Saraya 2),https://www.propertyfinder.bh/en/buy/villa-for-sale-northern-governorate-bu-quwah-saraya-2-328862.html," Saraya 2, Bu Quwah, Northern Governorate","125,000 BHD",Villa,4,5,156 / sqm,N/A,N/A,N/A
Brand New  City View + 3 Balconies 450 Net Income,https://www.propertyfinder.bh/en/buy/apartment-for-sale-capital-governorate-al-juffair-334205.html," Al Juffair, Capital Governorate","63,000 BHD",Apartment,2,2,111 / sqm,N/A,N/A,N/A
Brand new apartment with maid's & laundry room,https://www.propertyfinder.bh/en/buy/apartment-for-sale-southern-governorate-riffa-west-riffa-333478.html," West Riffa, Riffa, Southern Governorate","73,000 BHD",Apartment,3,3,150 / sqm,+97332022208,26.123153,50.541937
Urgent Sale at Cost Price on the Corner.,https://www.propertyfinder.bh/en/buy/apartment-for-sale-muharraq-governorate-diyar-al-muharraq-marassi-boulevard-333434.html," Marassi Boulevard, Diyar Al Muharraq, Muharraq Governorate","58,500 BHD",Apartment,1,1,56 / sqm,+97338335557,26.303447,50.646128
Best Deal! Pay 20% & own a spacious luxury Apt,https://www.propertyfinder.bh/en/buy/apartment-for-sale-capital-governorate-reef-island-330410.html," Reef Island, Capital Governorate","135,600 BHD",Apartment,3,4,188 / sqm,+97333506000,26.241751,50.566394
"Hurry up , the last studio at this price !",https://www.propertyfinder.bh/en/buy/apartment-for-sale-capital-governorate-al-juffair-329236.html," Al Juffair, Capital Governorate","30,000 BHD",Apartment,studio,1,40 / sqm,+97333440279,26.211111,50.601111
For sale villa special area in Janabiya,https://www.propertyfinder.bh/en/buy/villa-for-sale-northern-governorate-janabiya-328507.html," Janabiya, Northern Governorate","135,000 BHD",Villa,4,4,241 / sqm,+97333944584,26.185943,50.467114
FF Studio Apartment For Sale In Juffair,https://www.propertyfinder.bh/en/buy/apartment-for-sale-capital-governorate-al-juffair-304152.html," Al Juffair, Capital Governorate","32,500 BHD",Apartment,studio,1,37 / sqm,+97333400185,26.211111,50.601111
Burj Kadi - Obtain Permanent Residence Permit,https://www.propertyfinder.bh/en/buy/apartment-for-sale-capital-governorate-al-juffair-308057.html," Al Juffair, Capital Governorate","47,000 BHD",Apartment,1,2,67 / sqm,+97336295050,26.211111,50.601111
Sky and Luxury 3 Bedrooms+Maid Signature,https://www.propertyfinder.bh/en/buy/apartment-for-sale-capital-governorate-bahrain-bay-314161.html," Bahrain Bay, Capital Governorate","223,000 BHD",Apartment,3,5,223 / sqm,+97366720802,26.249585,50.580361
Brand New 2 Bedroom Freehold Flat Near Seef,https://www.propertyfinder.bh/en/buy/apartment-for-sale-capital-governorate-manama-sanabis-291530.html," Sanabis, Manama, Capital Governorate","58,000 BHD",Apartment,2,3,111 / sqm,+97339602096,26.226559,50.54591
Brand New Freehold Flat Earning 9.4% Per Year,https://www.propertyfinder.bh/en/buy/apartment-for-sale-capital-governorate-manama-sanabis-255100.html," Sanabis, Manama, Capital Governorate","47,000 BHD",Apartment,1,2,58 / sqm,+97339602096,26.226559,50.54591
Fully Furnished | Flat With Balcony ..!!,https://www.propertyfinder.bh/en/buy/apartment-for-sale-capital-governorate-al-juffair-249672.html," Al Juffair, Capital Governorate","73,000 BHD",Apartment,2,2,106 / sqm,+97336502500,26.211111,50.601111
"Beach,Luxury,Under Construction, 0% Commission",https://www.propertyfinder.bh/en/buy/apartment-for-sale-capital-governorate-seef-323654.html," Seef, Capital Governorate","56,000 BHD",Apartment,1,2,86 / sqm,+97336631525,26.24,50.537
Brand New And Large Flat Minutes From Seef,https://www.propertyfinder.bh/en/buy/apartment-for-sale-capital-governorate-manama-sanabis-255102.html," Sanabis, Manama, Capital Governorate","89,500 BHD",Apartment,2,3,170 / sqm,+97339602096,26.226559,50.54591
3 BR Apartment w/ Maid's Room at Hidd Oasis,https://www.propertyfinder.bh/en/buy/apartment-for-sale-muharraq-governorate-hidd-305607.html," Hidd, Muharraq Governorate","78,000 BHD",Apartment,3,5,160 / sqm,+97336625301,26.212634,50.674188
Spacious Sea View Flat For Sale-Flexible Payments,https://www.propertyfinder.bh/en/buy/apartment-for-sale-southern-governorate-durrat-marina-267833.html," Durrat Marina, Southern Governorate","110,136 BHD",Apartment,2,3,164 / sqm,+97366668882,25.86601,50.605407
Own Your Villa Now & Start Paying After Handover,https://www.propertyfinder.bh/en/buy/villa-for-sale-muharraq-governorate-diyar-al-muharraq-al-sidra-324012.html," Al Sidra, Diyar Al Muharraq, Muharraq Governorate","151,000 BHD",Villa,3,4,286 / sqm,+97332200039,26.311422,50.643066
Unique Multi Purpose Property for Sale in Al Markh Close to Saar,https://www.propertyfinder.bh/en/buy/villa-for-sale-northern-governorate-saar-324458.html," Saar, Northern Governorate","650,000 BHD",Villa,7+,N/A,862 / sqm,+973039104444,26.191642,50.487574
"Private Pool, Garden and 2 Balcony Homes",https://www.propertyfinder.bh/en/buy/villa-for-sale-muharraq-governorate-diyar-al-muharraq-310513.html," Diyar Al Muharraq, Muharraq Governorate","195,000 BHD",Villa,4,6,315 / sqm,+97333314224,26.311422,50.643066
Seaview Luxury Fully Furnished Apartment,https://www.propertyfinder.bh/en/buy/apartment-for-sale-capital-governorate-seef-326852.html," Seef, Capital Governorate","70,000 BHD",Apartment,2,2,83 / sqm,+97332000057,26.24,50.537
brand new w/view at Argan village on 0% commission,https://www.propertyfinder.bh/en/buy/villa-for-sale-northern-governorate-bu-quwah-saraya-2-308484.html," Saraya 2, Bu Quwah, Northern Governorate","145,000 BHD",Villa,4,7,306 / sqm,+97336070449,26.191854,50.509177
Freehold Luxury 4BR Villa in Diyar Al Muharraq,https://www.propertyfinder.bh/en/buy/villa-for-sale-muharraq-governorate-diyar-al-muharraq-al-sidra-320330.html," Al Sidra, Diyar Al Muharraq, Muharraq Governorate","172,500 BHD",Villa,4,4,210 / sqm,N/A,N/A,N/A
3 bedroom with maid's room with sea-view,https://www.propertyfinder.bh/en/buy/apartment-for-sale-capital-governorate-seef-247400.html," Seef, Capital Governorate","144,200 BHD",Apartment,3,5,158 / sqm,N/A,N/A,N/A
Luxurious 5BR Villa in Diyar Al Muharraq,https://www.propertyfinder.bh/en/buy/villa-for-sale-muharraq-governorate-diyar-al-muharraq-al-sidra-320462.html," Al Sidra, Diyar Al Muharraq, Muharraq Governorate","185,700 BHD",Villa,5,4,223 / sqm,N/A,N/A,N/A
Brand new family apartments in a special community,https://www.propertyfinder.bh/en/buy/apartment-for-sale-muharraq-governorate-hidd-333415.html," Hidd, Muharraq Governorate","76,000 BHD",Apartment,3,3,188 / sqm,N/A,N/A,N/A
1 of a kind designed split studio rented BD 500,https://www.propertyfinder.bh/en/buy/apartment-for-sale-capital-governorate-seef-331601.html," Seef, Capital Governorate","61,000 BHD",Apartment,studio,1,50 / sqm,N/A,N/A,N/A
Amazing investment opportunity,https://www.propertyfinder.bh/en/buy/apartment-for-sale-capital-governorate-al-juffair-282772.html," Al Juffair, Capital Governorate","50,000 BHD",Apartment,1,1,65 / sqm,+97333440279,26.211111,50.601111
"great opportunity, luxury sea view apartment",https://www.propertyfinder.bh/en/buy/apartment-for-sale-capital-governorate-al-juffair-288011.html," Al Juffair, Capital Governorate","110,000 BHD",Apartment,3,4,175 / sqm,+97333440279,26.211111,50.601111
"Residential land for sale, located in Saar area",https://www.propertyfinder.bh/en/buy/land-for-sale-northern-governorate-saar-314350.html," Saar, Northern Governorate","111,385 BHD",Land,N/A,N/A,398 / sqm,+97336503399,26.191642,50.487574
SPECIAL OFFER * RENTED* NEAR KHUH & RCSI,https://www.propertyfinder.bh/en/buy/apartment-for-sale-muharraq-governorate-busaiteen-295707.html," Busaiteen, Muharraq Governorate","33,300 BHD",Apartment,studio,1,43 / sqm,+97332200302,26.272,50.609
Smart Flat | Smart High-tech tower | Voice command,https://www.propertyfinder.bh/en/buy/apartment-for-sale-muharraq-governorate-amwaj-islands-amwaj-avenue-319913.html," Amwaj Avenue, Amwaj Islands, Muharraq Governorate","120,000 BHD",Apartment,2,2,127 / sqm,+97332200069,26.29303,50.66474
SEAFRONT FREEHOLD PLOTS @DILMUNIA ISLAND,https://www.propertyfinder.bh/en/buy/land-for-sale-muharraq-governorate-dilmunia-island-canal-view-325209.html," Canal View, Dilmunia Island, Muharraq Governorate","201,000 BHD",Land,N/A,N/A,601 / sqm,+97366747710,26.273909,50.672074
SPECTACULAR OPEN SEA WITH  LARGE BALCONY,https://www.propertyfinder.bh/en/buy/apartment-for-sale-capital-governorate-reef-island-316678.html," Reef Island, Capital Governorate","200,000 BHD",Apartment,3,4,171 / sqm,+97332200078,26.241751,50.566394
The Courtyard luxury residential unit for sale,https://www.propertyfinder.bh/en/buy/apartment-for-sale-capital-governorate-seef-322801.html," Seef, Capital Governorate","59,000 BHD",Apartment,1,1,65 / sqm,+97333537117,26.24,50.537
3 bedroom in Black Pearl Tower for sale,https://www.propertyfinder.bh/en/buy/apartment-for-sale-capital-governorate-manama-abraj-al-lulu-320629.html," Abraj Al Lulu, Manama, Capital Governorate","130,000 BHD",Apartment,3,5,197 / sqm,+97339764666,26.230031,50.558907
Brand new apartment for rent in Hidd area ....,https://www.propertyfinder.bh/en/buy/apartment-for-sale-muharraq-governorate-hidd-324694.html," Hidd, Muharraq Governorate","42,000 BHD",Apartment,3,4,112 / sqm,+97332210209,26.212634,50.674188
"Rented with Good income, No Commission!!",https://www.propertyfinder.bh/en/buy/apartment-for-sale-capital-governorate-al-juffair-317330.html," Al Juffair, Capital Governorate","69,000 BHD",Apartment,2,2,103 / sqm,+97333865444,26.211111,50.601111
The Courtyard luxury living and upscale dining,https://www.propertyfinder.bh/en/buy/apartment-for-sale-capital-governorate-seef-322786.html," Seef, Capital Governorate","108,000 BHD",Apartment,2,3,130 / sqm,+97333537117,26.24,50.537
Modern studio apartment with all facilities,https://www.propertyfinder.bh/en/buy/apartment-for-sale-capital-governorate-al-juffair-323353.html," Al Juffair, Capital Governorate","49,000 BHD",Apartment,studio,1,33 / sqm,+97332210217,26.211111,50.601111
NEW LUXURY SEA FRONT VILLA/PRIVATE BEACH,https://www.propertyfinder.bh/en/buy/villa-for-sale-muharraq-governorate-amwaj-islands-amwaj-avenue-315554.html," Amwaj Avenue, Amwaj Islands, Muharraq Governorate","650,000 BHD",Villa,7,7+,"1,000 / sqm",+97366747710,26.29303,50.66474
Highly desirable furnished apartment at Abraj lulu,https://www.propertyfinder.bh/en/buy/apartment-for-sale-capital-governorate-seef-333647.html," Seef, Capital Governorate","67,000 BHD",Apartment,2,3,133 / sqm,+97339426176,26.24,50.537
Golf Course Views and a Spacious Garden,https://www.propertyfinder.bh/en/buy/villa-for-sale-southern-governorate-riffa-riffa-views-195215.html," Riffa Views, Riffa, Southern Governorate","270,000 BHD",Villa,4,4,615 / sqm,+97339602096,26.097334,50.567365
Refurbished Townhouse with a Large Garden,https://www.propertyfinder.bh/en/buy/villa-for-sale-southern-governorate-riffa-riffa-views-199345.html," Riffa Views, Riffa, Southern Governorate","145,000 BHD",Villa,2,3,242 / sqm,+97366739663,26.097334,50.567365
Rented Flat Minutes Away from Seef Area,https://www.propertyfinder.bh/en/buy/apartment-for-sale-capital-governorate-manama-sanabis-244685.html," Sanabis, Manama, Capital Governorate","69,000 BHD",Apartment,2,2,112 / sqm,+97366739663,26.226559,50.54591
Amazing investment opportunity,https://www.propertyfinder.bh/en/buy/apartment-for-sale-capital-governorate-al-juffair-292606.html," Al Juffair, Capital Governorate","50,000 BHD",Apartment,1,2,75 / sqm,+97333440279,26.211111,50.601111
Private Jetty 4BR Villa at Durrat Al Bahrain,https://www.propertyfinder.bh/en/buy/villa-for-sale-southern-governorate-durrat-al-bahrain-277742.html," Durrat Al Bahrain, Southern Governorate","310,000 BHD",Villa,4,6,750 / sqm,+97339999159,25.833926,50.613853
Flat For Sale  Janabia Near Mercado Mall,https://www.propertyfinder.bh/en/buy/apartment-for-sale-northern-governorate-janabiya-265202.html," Janabiya, Northern Governorate","70,000 BHD",Apartment,3,3,124 / sqm,+97338330555,26.185943,50.467114
"FF Studio, with amazing, GYM & S.pool*",https://www.propertyfinder.bh/en/buy/apartment-for-sale-capital-governorate-manama-sanabis-298578.html," Sanabis, Manama, Capital Governorate","36,000 BHD",Apartment,studio,1,40 / sqm,+97332200330,26.226559,50.54591
Luxurious Oasis Estate 5 BR Villa @ Riffa Views,https://www.propertyfinder.bh/en/buy/villa-for-sale-southern-governorate-riffa-riffa-views-277536.html," Riffa Views, Riffa, Southern Governorate","275,000 BHD",Villa,5,6,640 / sqm,+97339999159,26.097334,50.567365
Brand new villa compatible with Mazaya program,https://www.propertyfinder.bh/en/buy/villa-for-sale-northern-governorate-dumistan-311206.html," Dumistan, Northern Governorate","124,000 BHD",Villa,4,5,297 / sqm,+97332213116,26.12377,50.469722
bright 2bedrooms w/sea view & big balcony,https://www.propertyfinder.bh/en/buy/apartment-for-sale-muharraq-governorate-dilmunia-island-the-treasure-285453.html," The Treasure, Dilmunia Island, Muharraq Governorate","165,000 BHD",Apartment,2,4,193 / sqm,+97332200330,26.272868,50.67289
2 Bedroom Apartment at Hidd Oasis,https://www.propertyfinder.bh/en/buy/apartment-for-sale-muharraq-governorate-hidd-305608.html," Hidd, Muharraq Governorate","50,000 BHD",Apartment,2,3,102 / sqm,+97336625301,26.212634,50.674188
Affordable 2 Bedroom Apartment at Hidd,https://www.propertyfinder.bh/en/buy/apartment-for-sale-muharraq-governorate-hidd-306759.html," Hidd, Muharraq Governorate","50,000 BHD",Apartment,2,3,102 / sqm,+97336625301,26.212634,50.674188
Modern 3 BR Apartment w/ Maid's Room at Hidd,https://www.propertyfinder.bh/en/buy/apartment-for-sale-muharraq-governorate-hidd-306762.html," Hidd, Muharraq Governorate","78,000 BHD",Apartment,3,5,160 / sqm,+97336625301,26.212634,50.674188
-Villa for sale in a great location in Saar,https://www.propertyfinder.bh/en/buy/villa-for-sale-northern-governorate-saar-304207.html," Saar, Northern Governorate","360,000 BHD",Villa,5,6,523 / sqm,+97333944584,26.191642,50.487574
BARGAIN !! WELL FURNISHED - BALCONY OPEN SEA,https://www.propertyfinder.bh/en/buy/apartment-for-sale-capital-governorate-seef-316776.html," Seef, Capital Governorate","90,000 BHD",Apartment,2,2,125 / sqm,+97332200078,26.24,50.537
Rented to Navy Luxury 2 Bedroom Furnished,https://www.propertyfinder.bh/en/buy/apartment-for-sale-capital-governorate-al-juffair-330343.html," Al Juffair, Capital Governorate","116,000 BHD",Apartment,2,4,116 / sqm,+97366720802,26.211111,50.601111
Big double storey private villa with private pool,https://www.propertyfinder.bh/en/buy/villa-for-sale-muharraq-governorate-amwaj-islands-amwaj-avenue-334962.html," Amwaj Avenue, Amwaj Islands, Muharraq Governorate","250,000 BHD",Villa,6,6,625 / sqm,+97333184488,26.29303,50.66474
Beautiful three bedroom apartment with maid-room,https://www.propertyfinder.bh/en/buy/apartment-for-sale-muharraq-governorate-amwaj-islands-amwaj-avenue-335495.html," Amwaj Avenue, Amwaj Islands, Muharraq Governorate","80,000 BHD",Apartment,3,3,216 / sqm,+97333164448,26.29303,50.66474
Sea View Balcony only with GFH 5yrs Plan,https://www.propertyfinder.bh/en/buy/apartment-for-sale-capital-governorate-manama-bahrain-financial-harbour-312568.html," Bahrain Financial Harbour, Manama, Capital Governorate","84,973 BHD",Apartment,1,2,84 / sqm,+97333302929,26.237786,50.573424
Luxury 1 BR Apartment 5yr payment plan,https://www.propertyfinder.bh/en/buy/apartment-for-sale-capital-governorate-manama-bahrain-financial-harbour-312552.html," Bahrain Financial Harbour, Manama, Capital Governorate","93,973 BHD",Apartment,1,2,75 / sqm,+97332320025,26.237786,50.573424
"فلل للسكن الإجتماعي بأسعار تبدأ من 88,000",https://www.propertyfinder.bh/en/buy/villa-for-sale-northern-governorate-al-markh-309845.html," Al Markh, Northern Governorate","88,000 BHD",Villa,3,3,148 / sqm,+97338866603,26.201355,50.479868
BARGAIN !! WELL FURNISHED - RENTED- SEA VIEW,https://www.propertyfinder.bh/en/buy/apartment-for-sale-capital-governorate-manama-sanabis-318235.html," Sanabis, Manama, Capital Governorate","54,000 BHD",Apartment,1,2,70 / sqm,+97332200078,26.226559,50.54591
Luxurious 5BR Villa in Riffa Views with Pool,https://www.propertyfinder.bh/en/buy/villa-for-sale-southern-governorate-riffa-riffa-views-315297.html," Riffa Views, Riffa, Southern Governorate","285,000 BHD",Villa,5,6,642 / sqm,+97332225521,26.097334,50.567365
Gorgeous Luxury Villa W Pool & Private Jetty,https://www.propertyfinder.bh/en/buy/villa-for-sale-southern-governorate-durrat-al-bahrain-330785.html," Durrat Al Bahrain, Southern Governorate","225,000 BHD",Villa,5,5,500 / sqm,+97339999159,25.833926,50.613853
Villa available for Rent in Al Malikiyah area,https://www.propertyfinder.bh/en/buy/villa-for-sale-northern-governorate-malkiyah-328732.html," Malkiyah, Northern Governorate","120,000 BHD",Villa,4,4,400 / sqm,+97336022209,26.10086,50.488009
Luxurious 3BR Apartment  - Waterbay,https://www.propertyfinder.bh/en/buy/apartment-for-sale-capital-governorate-bahrain-bay-313838.html," Bahrain Bay, Capital Governorate","315,000 BHD",Apartment,3,3,222 / sqm,+97338000002,26.249585,50.580361
Semi Attach Villa W/ Balconies N/ Garden,https://www.propertyfinder.bh/en/buy/villa-for-sale-northern-governorate-saar-310378.html," Saar, Northern Governorate","195,000 BHD",Villa,4,5,262 / sqm,+97338335516,26.191642,50.487574
Urban living Business Friendly apartments in Seef,https://www.propertyfinder.bh/en/buy/apartment-for-sale-capital-governorate-seef-310202.html," Seef, Capital Governorate","58,500 BHD",Apartment,1,1,64 / sqm,N/A,N/A,N/A
Brand New Villa For Sale Prime Location!,https://www.propertyfinder.bh/en/buy/villa-for-sale-muharraq-governorate-hidd-324121.html," Hidd, Muharraq Governorate","149,000 BHD",Villa,5,6,207 / sqm,+97336504499,26.212634,50.674188
Land For Sale In West Eker             .,https://www.propertyfinder.bh/en/buy/land-for-sale-central-governorate-eker-313813.html," Eker, Central Governorate","82,000 BHD",Land,N/A,N/A,343 / sqm,+97339465789,26.143689,50.602974
The Courtyard luxury residential unit for sale,https://www.propertyfinder.bh/en/buy/apartment-for-sale-capital-governorate-seef-322789.html," Seef, Capital Governorate","62,500 BHD",Apartment,1,2,71 / sqm,+97333537117,26.24,50.537
A distinctive modern design villa in Saar!,https://www.propertyfinder.bh/en/buy/villa-for-sale-northern-governorate-saar-319575.html," Saar, Northern Governorate","240,000 BHD",Villa,5,6,388 / sqm,+97333944584,26.191642,50.487574
"Hurry up , the last apartment at this price !",https://www.propertyfinder.bh/en/buy/apartment-for-sale-capital-governorate-al-juffair-318420.html," Al Juffair, Capital Governorate","75,000 BHD",Apartment,2,2,118 / sqm,+97333440279,26.211111,50.601111
Sea View Studio At The Heart Of Bahrain Bay,https://www.propertyfinder.bh/en/buy/apartment-for-sale-capital-governorate-bahrain-bay-299656.html," Bahrain Bay, Capital Governorate","59,000 BHD",Apartment,studio,1,50 / sqm,N/A,N/A,N/A
Best 800m Durrat Al Bahrain jetty Villa,https://www.propertyfinder.bh/en/buy/villa-for-sale-southern-governorate-durrat-al-bahrain-324995.html," Durrat Al Bahrain, Southern Governorate","310,000 BHD",Villa,5,7,800 / sqm,N/A,N/A,N/A
NEW BRIGHT SPACIOUS VILLA @ DIYAR PHASE 2,https://www.propertyfinder.bh/en/buy/villa-for-sale-muharraq-governorate-diyar-al-muharraq-marassi-residences-322488.html," Marassi Residences, Diyar Al Muharraq, Muharraq Governorate","157,000 BHD",Villa,5,6,330 / sqm,N/A,N/A,N/A
*Rented Flat / FULLY FURNISHED / BEST PRICE,https://www.propertyfinder.bh/en/buy/apartment-for-sale-capital-governorate-manama-manama-sea-front-322955.html," Manama Sea Front, Manama, Capital Governorate","115,000 BHD",Apartment,2,3,129 / sqm,+97332200081,26.248121,50.570444
Fabulous villa in Saar 2Floor plan,https://www.propertyfinder.bh/en/buy/villa-for-sale-northern-governorate-saar-324170.html," Saar, Northern Governorate","175,000 BHD",Villa,4,5,408 / sqm,+97334657084,26.191642,50.487574
**buy a property with monthly income ***,https://www.propertyfinder.bh/en/buy/apartment-for-sale-capital-governorate-al-juffair-321948.html," Al Juffair, Capital Governorate","34,000 BHD",Apartment,studio,1,40 / sqm,N/A,N/A,N/A
Gorgeous beach access villa with jetty parking,https://www.propertyfinder.bh/en/buy/villa-for-sale-southern-governorate-durrat-al-bahrain-334957.html," Durrat Al Bahrain, Southern Governorate","250,000 BHD",Villa,3,4,500 / sqm,+97333216444,25.833926,50.613853
Sky and Luxury 3 Bedrooms+Maid Signature,https://www.propertyfinder.bh/en/buy/apartment-for-sale-capital-governorate-bahrain-bay-314144.html," Bahrain Bay, Capital Governorate","219,000 BHD",Apartment,3,5,219 / sqm,+97332169858,26.249585,50.580361
Brand New 4 bedrrom Apartment For sale with Store,https://www.propertyfinder.bh/en/buy/apartment-for-sale-muharraq-governorate-hidd-322025.html," Hidd, Muharraq Governorate","73,000 BHD",Apartment,4,5,171 / sqm,N/A,N/A,N/A
"Four Bedroom freehold villa for sale, amazing view",https://www.propertyfinder.bh/en/buy/villa-for-sale-southern-governorate-riffa-riffa-views-229100.html," Riffa Views, Riffa, Southern Governorate","269,000 BHD",Villa,4,3,642 / sqm,N/A,N/A,N/A
Free Hold Villas  in Diary Al-muharraq .,https://www.propertyfinder.bh/en/buy/villa-for-sale-muharraq-governorate-diyar-al-muharraq-al-sidra-290608.html," Al Sidra, Diyar Al Muharraq, Muharraq Governorate","141,600 BHD",Villa,3,4,269 / sqm,N/A,N/A,N/A
Amazing offer!! Balcony & full Sea view,https://www.propertyfinder.bh/en/buy/apartment-for-sale-muharraq-governorate-amwaj-islands-the-lagoon-334752.html," The Lagoon, Amwaj Islands, Muharraq Governorate","88,000 BHD",Apartment,2,3,144 / sqm,+97336503388,26.287778,50.663393
Freehold Luxurious 4BR Villa in Diyar  Muharraq,https://www.propertyfinder.bh/en/buy/villa-for-sale-muharraq-governorate-diyar-al-muharraq-al-sidra-329760.html," Al Sidra, Diyar Al Muharraq, Muharraq Governorate","172,500 BHD",Villa,4,4,210 / sqm,+97338000002,26.311422,50.643066
Beach Access +Balcony+ 0% Commission,https://www.propertyfinder.bh/en/buy/apartment-for-sale-capital-governorate-seef-332608.html," Seef, Capital Governorate","33,700 BHD",Apartment,studio,1,43 / sqm,+97336631525,26.24,50.537
SPECIAL OFFER * RENTED* NEAR KHUH & RCSI,https://www.propertyfinder.bh/en/buy/apartment-for-sale-muharraq-governorate-busaiteen-295707.html," Busaiteen, Muharraq Governorate","33,300 BHD",Apartment,studio,1,43 / sqm,N/A,N/A,N/A
Amazing investment opportunity,https://www.propertyfinder.bh/en/buy/apartment-for-sale-capital-governorate-al-juffair-282772.html," Al Juffair, Capital Governorate","50,000 BHD",Apartment,1,1,65 / sqm,N/A,N/A,N/A
Villa Fayrooz 800 in Durrat Al Bahrain,https://www.propertyfinder.bh/en/buy/villa-for-sale-southern-governorate-durrat-al-bahrain-332518.html," Durrat Al Bahrain, Southern Governorate","310,000 BHD",Villa,5,7+,800 / sqm,+97339444705,25.833926,50.613853
للبيع فيلا فخمة و راقية في امواج,https://www.propertyfinder.bh/en/buy/villa-for-sale-muharraq-governorate-amwaj-islands-amwaj-avenue-333275.html," Amwaj Avenue, Amwaj Islands, Muharraq Governorate","300,000 BHD",Villa,7,7,410 / sqm,+97338302990,26.29303,50.66474
April Offer! 20% Down Payment+Marina View+ Balcony,https://www.propertyfinder.bh/en/buy/apartment-for-sale-capital-governorate-reef-island-330427.html," Reef Island, Capital Governorate","67,500 BHD",Apartment,1,2,85 / sqm,+97333506000,26.241751,50.566394
Brand new apartment compatible with Mazaya program,https://www.propertyfinder.bh/en/buy/apartment-for-sale-northern-governorate-janabiya-311196.html," Janabiya, Northern Governorate","79,000 BHD",Apartment,3,2,159 / sqm,+97332213116,26.185943,50.467114
"Attractive ,Huge and Grand , Available for sale",https://www.propertyfinder.bh/en/buy/villa-for-sale-muharraq-governorate-amwaj-islands-amwaj-avenue-327420.html," Amwaj Avenue, Amwaj Islands, Muharraq Governorate","240,000 BHD",Villa,7,7+,625 / sqm,+97338335556,26.29303,50.66474
Brand new villa compatible with Mazaya program,https://www.propertyfinder.bh/en/buy/apartment-for-sale-northern-governorate-saar-311209.html," Saar, Northern Governorate","63,000 BHD",Apartment,3,3,139 / sqm,+97332213116,26.191642,50.487574
Hot Deal on a Full Sea View 2 Bedroom!,https://www.propertyfinder.bh/en/buy/apartment-for-sale-capital-governorate-seef-297082.html," Seef, Capital Governorate","93,000 BHD",Apartment,2,2,120 / sqm,N/A,N/A,N/A
Brand new villa Compatible with Mazaya program,https://www.propertyfinder.bh/en/buy/villa-for-sale-northern-governorate-al-maqsha-333586.html," Al Maqsha, Northern Governorate","120,000 BHD",Villa,4,5,267 / sqm,N/A,N/A,N/A
Luxury apartment for sale - Flexible payment plans,https://www.propertyfinder.bh/en/buy/apartment-for-sale-southern-governorate-durrat-marina-267827.html," Durrat Marina, Southern Governorate","98,130 BHD",Apartment,2,3,167 / sqm,N/A,N/A,N/A
Hot Deal!! Brand New 2BR for Sale in Amwaj,https://www.propertyfinder.bh/en/buy/apartment-for-sale-muharraq-governorate-amwaj-islands-amwaj-avenue-308192.html," Amwaj Avenue, Amwaj Islands, Muharraq Governorate","48,000 BHD",Apartment,2,2,100 / sqm,+97333007043,26.29303,50.66474
Fully Furnished Apartment for sale in Saar,https://www.propertyfinder.bh/en/buy/apartment-for-sale-northern-governorate-janabiya-312515.html," Janabiya, Northern Governorate","79,000 BHD",Apartment,3,2,160 / sqm,N/A,N/A,N/A
Brand new villa Compatible with Mazaya program,https://www.propertyfinder.bh/en/buy/villa-for-sale-northern-governorate-al-qurayyah-313857.html," Al Qurayyah, Northern Governorate","130,000 BHD",Villa,3,4,320 / sqm,N/A,N/A,N/A
Spacious 5 Bedroom Villa in Northern Riffa,https://www.propertyfinder.bh/en/buy/villa-for-sale-southern-governorate-riffa-north-riffa-325851.html," North Riffa, Riffa, Southern Governorate","250,000 BHD",Villa,5,6,300 / sqm,+97339999159,26.143958,50.547141
Hot Offer! Free Hold High Income Studio!,https://www.propertyfinder.bh/en/buy/apartment-for-sale-capital-governorate-al-juffair-322588.html," Al Juffair, Capital Governorate","30,000 BHD",Apartment,studio,1,49 / sqm,+97338335516,26.211111,50.601111
Luxurious 1BR Waterbay Residence in  Bahrain Bay,https://www.propertyfinder.bh/en/buy/apartment-for-sale-capital-governorate-bahrain-bay-266849.html," Bahrain Bay, Capital Governorate","128,300 BHD",Apartment,1,2,81 / sqm,+97338000002,26.249585,50.580361
Luxury and Elegant 3 Bedroom - Furnished,https://www.propertyfinder.bh/en/buy/apartment-for-sale-capital-governorate-al-juffair-330346.html," Al Juffair, Capital Governorate","140,000 BHD",Apartment,3,4,198 / sqm,+97332169858,26.211111,50.601111
1 Bedroom apartment with beautiful views & Pool,https://www.propertyfinder.bh/en/buy/apartment-for-sale-capital-governorate-al-juffair-316072.html," Al Juffair, Capital Governorate","55,000 BHD",Apartment,1,2,114 / sqm,+97332210217,26.211111,50.601111
Brand new villa with garden & prime location,https://www.propertyfinder.bh/en/buy/villa-for-sale-northern-governorate-hamala-315974.html," Hamala, Northern Governorate","148,000 BHD",Villa,4,5,200 / sqm,+97332213116,26.140337,50.478272
Super Hot Deal! Studio Fully Furnished for Sale,https://www.propertyfinder.bh/en/buy/apartment-for-sale-muharraq-governorate-busaiteen-315170.html," Busaiteen, Muharraq Governorate","32,999 BHD",Apartment,studio,1,60 / sqm,+97333007043,26.272,50.609
Brand New Sea Front Villa in Durrat Al Bahrain,https://www.propertyfinder.bh/en/buy/villa-for-sale-southern-governorate-durrat-al-bahrain-322627.html," Durrat Al Bahrain, Southern Governorate","290,000 BHD",Villa,5,6,"1,000 / sqm",+97339444705,25.833926,50.613853
"Beach Access,0% Commission,Under Construction,",https://www.propertyfinder.bh/en/buy/apartment-for-sale-capital-governorate-seef-323660.html," Seef, Capital Governorate","69,000 BHD",Apartment,2,2,109 / sqm,+97336631525,26.24,50.537
Glass railing Stair and light Marble Floor,https://www.propertyfinder.bh/en/buy/villa-for-sale-northern-governorate-saar-245435.html," Saar, Northern Governorate","229,000 BHD",Villa,5,5,393 / sqm,+97336744755,26.191642,50.487574
"1 bedroom, good income,huge Pool,GYM,Game",https://www.propertyfinder.bh/en/buy/apartment-for-sale-capital-governorate-al-juffair-306791.html," Al Juffair, Capital Governorate","54,000 BHD",Apartment,1,2,76 / sqm,+97332200330,26.211111,50.601111
Brand New-Ready Now-Lg 1 Bed-Sea View-Sanabis/Seef,https://www.propertyfinder.bh/en/buy/apartment-for-sale-capital-governorate-seef-318923.html," Seef, Capital Governorate","56,100 BHD",Apartment,1,2,86 / sqm,+97336111903,26.24,50.537
Luxury and Elegant 1 Bedroom w/ sea view,https://www.propertyfinder.bh/en/buy/apartment-for-sale-capital-governorate-bahrain-bay-314148.html," Bahrain Bay, Capital Governorate","79,500 BHD",Apartment,1,2,79 / sqm,+97366720802,26.249585,50.580361
FF Studio Apartment For Sale In Juffair,https://www.propertyfinder.bh/en/buy/apartment-for-sale-capital-governorate-al-juffair-323466.html," Al Juffair, Capital Governorate","33,750 BHD",Apartment,studio,1,40 / sqm,+97333400879,26.211111,50.601111
Residential land for sale located in Janabiya area,https://www.propertyfinder.bh/en/buy/land-for-sale-northern-governorate-janabiya-314353.html," Janabiya, Northern Governorate","106,000 BHD",Land,N/A,N/A,361 / sqm,+97336503399,26.185943,50.467114
RAMADAN OFFER ONLY 79k IN REEF ISLAND,https://www.propertyfinder.bh/en/buy/apartment-for-sale-capital-governorate-reef-island-334611.html," Reef Island, Capital Governorate","79,000 BHD",Apartment,1,2,83 / sqm,+97336111021,26.241751,50.566394
Limited Offer| 20% down payments| Marina View Apt.,https://www.propertyfinder.bh/en/buy/apartment-for-sale-capital-governorate-reef-island-330385.html," Reef Island, Capital Governorate","95,200 BHD",Apartment,2,3,130 / sqm,+97333506000,26.241751,50.566394
Live in this cosy 2BR & Pay over 5 Years,https://www.propertyfinder.bh/en/buy/apartment-for-sale-capital-governorate-manama-bahrain-financial-harbour-262153.html," Bahrain Financial Harbour, Manama, Capital Governorate","176,973 BHD",Apartment,2,3,143 / sqm,+97332222113,26.237786,50.573424
FF Studio Apartment For Sale In Juffair,https://www.propertyfinder.bh/en/buy/apartment-for-sale-capital-governorate-al-juffair-323464.html," Al Juffair, Capital Governorate","32,000 BHD",Apartment,studio,1,37 / sqm,+97333400185,26.211111,50.601111
The Courtyard flats connected to cafes & rest,https://www.propertyfinder.bh/en/buy/apartment-for-sale-capital-governorate-seef-322793.html," Seef, Capital Governorate","58,500 BHD",Apartment,1,1,64 / sqm,N/A,N/A,N/A
Fine Balance of Leisure & Entertainment!,https://www.propertyfinder.bh/en/buy/apartment-for-sale-capital-governorate-seef-77954.html," Seef, Capital Governorate","69,000 BHD",Apartment,1,1,78 / sqm,N/A,N/A,N/A
Fully Furnished 1-bedroom in Seef Opp. City Centre,https://www.propertyfinder.bh/en/buy/apartment-for-sale-capital-governorate-seef-302527.html," Seef, Capital Governorate","83,544 BHD",Apartment,1,2,69 / sqm,N/A,N/A,N/A
Luxury apartment for sale in Durrat Marina,https://www.propertyfinder.bh/en/buy/apartment-for-sale-southern-governorate-durrat-marina-267546.html," Durrat Marina, Southern Governorate","80,752 BHD",Apartment,2,3,135 / sqm,N/A,N/A,N/A
TheCourtyard luxury 2BR connected to cafe&rest,https://www.propertyfinder.bh/en/buy/apartment-for-sale-capital-governorate-seef-322784.html," Seef, Capital Governorate","104,000 BHD",Apartment,2,3,130 / sqm,N/A,N/A,N/A
